0.000000000000000000e+00,0.000000000000000000e+00
2.083333333333333218e-02,7.381568705101472228e-01
4.166666666666666435e-02,1.458815146313666045e+00
6.250000000000000000e-02,2.193630096670038387e+00
8.333333333333332871e-02,3.149472787129746987e+00
1.041666666666666574e-01,2.683229512876701417e+00
1.250000000000000000e-01,1.931712170779593007e+00
1.458333333333333148e-01,1.250486689461478784e+00
1.666666666666666574e-01,2.391231514819178283e+00
1.875000000000000000e-01,3.189492816178317369e+00
2.083333333333333148e-01,2.354790639352334125e+00
2.291666666666666574e-01,1.370437701743036030e+00
2.500000000000000000e-01,1.131508735853572478e+00
2.708333333333333148e-01,1.761461294630288776e+00
2.916666666666666297e-01,1.884165376739591169e+00
3.125000000000000000e-01,1.528211576865798449e+00
3.333333333333333148e-01,1.169154252708731301e+00
3.541666666666666297e-01,8.060015791316219591e-01
3.750000000000000000e-01,4.377532231613189273e-01
3.958333333333333148e-01,6.534270500225902722e-02
4.166666666666666297e-01,-3.068365917701216805e-01
4.375000000000000000e-01,-1.146688191624473108e+00
4.583333333333333148e-01,-1.772608791739650469e+00
4.791666666666666297e-01,-2.500220755238534487e+00
5.000000000000000000e-01,-3.569379496053605383e+00
5.208333333333332593e-01,-4.649889583950288063e+00
5.416666666666666297e-01,-5.754652131450213481e+00
5.625000000000000000e-01,-5.367610165949869838e+00
5.833333333333332593e-01,-4.575644346034070331e+00
6.041666666666666297e-01,-3.428624260158982473e+00
6.250000000000000000e-01,-2.599733898563551637e+00
6.458333333333332593e-01,-3.443715049844427334e+00
6.666666666666666297e-01,-1.514693043937739292e+00
6.875000000000000000e-01,-2.363196975921534992e+00
7.083333333333332593e-01,-3.569124683250868735e+00
7.291666666666666297e-01,-3.104001696790847920e+00
7.500000000000000000e-01,-2.322683786823772412e+00
7.708333333333332593e-01,-1.164796562280844716e+00
7.916666666666666297e-01,-1.571485340209394010e+00
8.125000000000000000e-01,-2.914154518324175935e+00
8.333333333333332593e-01,-2.597287801592816248e+00
8.541666666666666297e-01,-1.687348755213351259e+00
8.750000000000000000e-01,-1.113452524257227738e+00
8.958333333333332593e-01,2.233658665403742138e-01
9.166666666666666297e-01,4.215801343224913067e-01
9.375000000000000000e-01,-8.295509814005841420e-04
9.583333333333332593e-01,1.509463059744180213e-01
9.791666666666666297e-01,2.932524753286928076e-01
1.000000000000000000e+00,4.315128124940229570e-01
1.020833333333333259e+00,5.706926401536491777e-01
1.041666666666666519e+00,7.130406444632593210e-01
1.062500000000000000e+00,9.191079396520550615e-01
1.083333333333333259e+00,2.177364783457211850e+00
1.104166666666666519e+00,3.489554501946290799e+00
1.125000000000000000e+00,4.375196471992619074e+00
1.145833333333333259e+00,4.340995188262783522e+00
1.166666666666666519e+00,3.966535732906927070e+00
1.187500000000000000e+00,3.666539071093121827e+00
1.208333333333333259e+00,3.083713221765232326e+00
1.229166666666666519e+00,2.031735224892645686e+00
1.250000000000000000e+00,2.646418914313928727e+00
1.270833333333333259e+00,3.212129771034703651e+00
1.291666666666666519e+00,1.425473293394534879e+00
1.312500000000000000e+00,1.970353267420122956e+00
1.333333333333333259e+00,2.663073648377937364e+00
1.354166666666666519e+00,2.199955519500736756e+00
1.375000000000000000e+00,1.250216994685813265e+00
1.395833333333333259e+00,3.238137165299985187e-01
1.416666666666666519e+00,-2.728487265491908453e-01
1.437500000000000000e+00,-9.194477317857976395e-01
1.458333333333333259e+00,-1.806419170066344781e+00
1.479166666666666519e+00,-1.899637370543677095e+00
1.500000000000000000e+00,-1.102965956260294700e+00
1.520833333333333259e+00,-1.514749211613141133e+00
1.541666666666666519e+00,-2.331126164808394741e+00
1.562500000000000000e+00,-2.177590855578362294e+00
1.583333333333333259e+00,-1.501841068201325236e+00
1.604166666666666519e+00,-2.104266760179671625e+00
1.625000000000000000e+00,-2.751176390199953303e+00
1.645833333333333259e+00,-2.028173065905552797e+00
1.666666666666666519e+00,-1.496756540755336484e+00
1.687500000000000000e+00,-2.178490285931974579e+00
1.708333333333333259e+00,-1.833559917762731084e+00
1.729166666666666519e+00,-1.135780165587897184e+00
1.750000000000000000e+00,-2.009283219586401881e+00
1.770833333333333259e+00,-1.357853487234133016e+00
1.791666666666666519e+00,-5.507535854098229988e-01
1.812500000000000000e+00,-1.218335247345966099e+00
1.833333333333333259e+00,-1.556987359354011335e+00
1.854166666666666519e+00,-9.377545182503457255e-01
1.875000000000000000e+00,-1.128032144134824277e-01
1.895833333333333259e+00,6.677310057521558262e-01
1.916666666666666519e+00,-6.064020160338920440e-02
1.937500000000000000e+00,-8.693529251575861094e-01
1.958333333333333259e+00,-1.429561862049051890e-01
1.979166666666666519e+00,5.864902321391707307e-01
2.000000000000000000e+00,1.199100857650027940e+00
2.020833333333333037e+00,4.772048132016665778e-01
2.041666666666666519e+00,9.522305147661767055e-01
2.062500000000000000e+00,1.549920739642841383e+00
2.083333333333333037e+00,9.036764495014955045e-01
2.104166666666666519e+00,1.838840350043527416e-01
2.125000000000000000e+00,8.762064909912967714e-01
2.145833333333333037e+00,1.469285027437660096e+00
2.166666666666666519e+00,8.704748386931515647e-01
2.187500000000000000e+00,2.192759569942966391e-01
2.208333333333333037e+00,8.636619876793296680e-01
2.229166666666666519e+00,1.315038429571326661e+00
2.250000000000000000e+00,7.615853475032213771e-01
2.270833333333333037e+00,1.564356321258476568e-01
2.291666666666666519e+00,1.628285612370084234e-01
2.312500000000000000e+00,6.998308883330891517e-01
2.333333333333333037e+00,1.778032818436256490e-01
2.354166666666666519e+00,-4.170944899196897260e-01
2.375000000000000000e+00,1.751604072847796623e-01
2.395833333333333037e+00,6.989391011014274291e-01
2.416666666666666519e+00,1.705289417729494161e-01
2.437500000000000000e+00,-4.489925827082755783e-01
2.458333333333333037e+00,-4.738582350398497511e-01
2.479166666666666519e+00,8.274561916141064122e-02
2.500000000000000000e+00,-2.843367526564398173e-01
2.520833333333333037e+00,-9.335398244533866796e-01
2.541666666666666519e+00,-2.899207115480209040e-01
2.562500000000000000e+00,2.940584112889420010e-01
2.583333333333333037e+00,-2.923342175727210446e-01
2.604166666666666519e+00,-9.627199679939100196e-01
2.625000000000000000e+00,-3.037898158612679644e-01
2.645833333333333037e+00,3.191747272078769848e-01
2.666666666666666519e+00,-2.879616357402062232e-01
2.687500000000000000e+00,-9.914449988127442825e-01
2.708333333333333037e+00,-2.982306438876518584e-01
2.729166666666666519e+00,3.276540088751598301e-01
2.750000000000000000e+00,-2.983852723345031821e-01
2.770833333333333037e+00,-4.030642804888171504e-01
2.791666666666666519e+00,3.007770225661212660e-01
2.812500000000000000e+00,2.750259722340981927e-01
2.833333333333333037e+00,-3.479597299207686234e-01
2.854166666666666519e+00,1.246962721902227789e-01
2.875000000000000000e+00,6.697782378621690569e-01
2.895833333333333037e+00,-1.595259210098715075e-02
2.916666666666666519e+00,-6.356066998733339579e-01
2.937500000000000000e+00,-2.708357471184601184e-02
2.958333333333333037e+00,6.641104314485248850e-01
2.979166666666666519e+00,-3.280633994186943347e-02
3.000000000000000000e+00,-6.405663470693916395e-01
3.020833333333333037e+00,-2.235748545687515909e-02
3.041666666666666519e+00,6.556233158966561225e-01
3.062500000000000000e+00,-4.208189657867947298e-02
3.083333333333333037e+00,-2.034349605893027713e-01
3.104166666666666519e+00,4.233687746386136652e-01
3.125000000000000000e+00,6.832093784450885554e-01
3.145833333333333037e+00,-3.427883901902523123e-02
3.166666666666666519e+00,-4.320767542679178619e-01
3.187500000000000000e+00,2.074696366396635017e-01
3.208333333333333037e+00,8.602837018499299715e-01
3.229166666666666519e+00,1.331460324502345416e-01
3.250000000000000000e+00,-4.370908650165396536e-01
3.270833333333333037e+00,2.137172638706036076e-01
3.291666666666666519e+00,8.103496623197288251e-01
3.312500000000000000e+00,8.595697145648428794e-02
3.333333333333333037e+00,-4.951001651105321200e-01
3.354166666666666519e+00,1.659038744534547805e-01
3.375000000000000000e+00,3.751437158389608895e-01
3.395833333333333037e+00,-3.680653277826327896e-01
3.416666666666666519e+00,-4.606038282009037865e-01
3.437500000000000000e+00,1.965465540647432507e-01
3.458333333333333037e+00,1.709326281910125700e-01
3.479166666666666519e+00,-5.695260028514828043e-01
3.500000000000000000e+00,1.612122839617472492e-01
3.520833333333333037e+00,4.143812787778494156e-01
3.541666666666666519e+00,-2.374359580294550243e-01
3.562500000000000000e+00,-9.246691462925122895e-01
3.583333333333333037e+00,-2.209021062061448659e-01
3.604166666666666519e+00,4.370189835089708374e-01
3.625000000000000000e+00,-1.315591080949657099e-01
3.645833333333333037e+00,-4.204160802377874817e-01
3.666666666666666519e+00,2.932681079272916325e-01
3.687500000000000000e+00,7.110178186531245226e-01
3.708333333333333037e+00,6.246540388698837432e-02
3.729166666666666519e+00,-6.511266031863310877e-01
3.750000000000000000e+00,6.373288757249223613e-02
3.770833333333333037e+00,6.944666804471184562e-01
3.791666666666666519e+00,5.044202959017712873e-02
3.812500000000000000e+00,-6.548366636180799061e-01
3.833333333333333037e+00,5.302294189834644289e-02
3.854166666666666519e+00,6.943902340235621473e-01
3.875000000000000000e+00,4.407156990481864156e-02
3.895833333333333037e+00,-6.847147101324744245e-01
3.916666666666666519e+00,4.464504845741926187e-02
3.937500000000000000e+00,6.941300248885906576e-01
3.958333333333333037e+00,3.874963592233618415e-02
3.979166666666666519e+00,-5.688973053366357391e-01
4.000000000000000000e+00,1.646248560938011474e-01
4.020833333333333037e+00,8.237973418961139771e-01
4.041666666666666075e+00,1.683729213330053820e-01
4.062500000000000000e+00,-5.780327462773636737e-01
4.083333333333333037e+00,1.477448817892265120e-01
4.104166666666666075e+00,8.096631338727183769e-01
4.125000000000000000e+00,1.519946396805369193e-01
4.145833333333333037e+00,-5.957763775019503383e-01
4.166666666666666075e+00,1.163438001267929900e-01
4.187500000000000000e+00,7.783455812504208593e-01
4.208333333333333037e+00,1.258989343313011156e-01
4.229166666666666075e+00,-6.137555373917737978e-01
4.250000000000000000e+00,1.107110933470095426e-01
4.270833333333333037e+00,7.598318287470159360e-01
4.291666666666666075e+00,1.158017974876903722e-01
4.312500000000000000e+00,-6.155854476782917084e-01
4.333333333333333037e+00,1.050732771379064012e-01
4.354166666666666075e+00,7.512674548800886143e-01
4.375000000000000000e+00,1.061171469012351098e-01
4.395833333333333037e+00,-6.274173483247339478e-01
4.416666666666666075e+00,9.934720079203790410e-02
4.437500000000000000e+00,4.673018937133860962e-01
4.458333333333333037e+00,-1.876454013874731264e-01
4.479166666666666075e+00,-9.276651854691866372e-01
4.500000000000000000e+00,-2.212975613586385948e-01
4.520833333333333037e+00,4.442784467664465109e-01
4.541666666666666075e+00,-2.464827017131416276e-01
4.562500000000000000e+00,-7.531384515052234052e-01
4.583333333333333037e+00,-5.860552180964542779e-02
4.604166666666666075e+00,6.068849731253951330e-01
4.625000000000000000e+00,-1.244390790464541818e-01
4.645833333333333037e+00,-7.155902051710978373e-01
4.666666666666666075e+00,-4.694532839598722362e-02
4.687500000000000000e+00,6.210046886956526180e-01
4.708333333333333037e+00,-1.220027886904704872e-01
4.729166666666666075e+00,-1.239580830855414872e-01
4.750000000000000000e+00,5.369201450884897309e-01
4.770833333333333037e+00,3.561310332874212947e-01
4.791666666666666075e+00,-3.806296123990275948e-01
4.812500000000000000e+00,1.935308839085689847e-01
4.833333333333333037e+00,8.494653695959853978e-01
4.854166666666666075e+00,2.012291753221777946e-01
4.875000000000000000e+00,-5.305052857918859388e-01
4.895833333333333037e+00,5.716559144800634207e-02
4.916666666666666075e+00,7.106142620269173538e-01
4.937500000000000000e+00,6.208371435546122807e-02
4.958333333333333037e+00,-6.698005418511968623e-01
4.979166666666666075e+00,-9.428670314258602581e-02
5.000000000000000000e+00,5.618871759426100621e-01
5.020833333333333037e+00,2.137415499370347027e-01
5.041666666666666075e+00,-5.219106667226187657e-01
5.062500000000000000e+00,4.993382486350961269e-02
5.083333333333333037e+00,7.096298324030251292e-01
5.104166666666666075e+00,6.859627191627179488e-02
5.125000000000000000e+00,-6.711129227538261688e-01
5.145833333333333037e+00,-1.036290112971404720e-01
5.166666666666666075e+00,5.608558675495438628e-01
5.187500000000000000e+00,3.803387281696665179e-01
5.208333333333333037e+00,-3.654401577106897170e-01
5.229166666666666075e+00,2.014122236550870138e-01
5.250000000000000000e+00,8.698627128040014034e-01
5.270833333333333037e+00,2.378866443531078012e-01
5.291666666666666075e+00,-5.097273766252917726e-01
5.312500000000000000e+00,5.374067476926865095e-02
5.333333333333333037e+00,7.230191571978461518e-01
5.354166666666666075e+00,9.179778031145613415e-02
5.375000000000000000e+00,-6.552948666205484773e-01
5.395833333333333037e+00,-8.673590768553167407e-02
5.416666666666666075e+00,5.806370580373148016e-01
5.437500000000000000e+00,-5.361737287320428313e-02
5.458333333333333037e+00,-7.954901937483849217e-01
5.479166666666666075e+00,-2.274066459546113528e-01
5.500000000000000000e+00,4.338909254574684349e-01
5.520833333333333037e+00,-2.068793726896214769e-01
5.541666666666666075e+00,-6.995594776952578364e-01
5.562500000000000000e+00,-1.253513905996747613e-01
5.583333333333333037e+00,5.295746058278952839e-01
5.604166666666666075e+00,-1.181413597325896292e-01
5.625000000000000000e+00,-5.568369554455414594e-01
5.645833333333333037e+00,2.553023729451227297e-02
5.666666666666666075e+00,6.712522706106991421e-01
5.687500000000000000e+00,1.613300760870747808e-02
5.708333333333333037e+00,-7.035765627119208165e-01
5.729166666666666075e+00,-1.124283802879107730e-01
5.750000000000000000e+00,5.265452718160814616e-01
5.770833333333333037e+00,4.602544018702407480e-01
5.791666666666666075e+00,-2.612434466978745817e-01
5.812500000000000000e+00,3.421685053867052906e-01
5.833333333333333037e+00,8.472176071802139941e-01
5.854166666666666075e+00,1.934562321203044388e-01
5.875000000000000000e+00,-5.367169084925399458e-01
5.895833333333333037e+00,4.267305787610362056e-02
5.916666666666666075e+00,6.973867089348321224e-01
5.937500000000000000e+00,5.006623699885415224e-02
5.958333333333333037e+00,-6.856689670004549875e-01
5.979166666666666075e+00,-1.124483154593377832e-01
6.000000000000000000e+00,5.486906087069853832e-01
6.020833333333333037e+00,-9.117179220628462977e-02
6.041666666666666075e+00,-5.033427746622376464e-01
6.062500000000000000e+00,6.481610411578464515e-02
6.083333333333333037e+00,7.313344349280547219e-01
6.104166666666666075e+00,9.710787566455478248e-02
6.125000000000000000e+00,-6.496329564465130879e-01
6.145833333333333037e+00,-5.661577623785847557e-02
6.166666666666666075e+00,6.067191918861996047e-01
6.187500000000000000e+00,-1.922567605427648318e-02
6.208333333333333037e+00,-7.520456084430675592e-01
6.229166666666666075e+00,-1.733772145946374521e-01
6.250000000000000000e+00,4.773064505501566357e-01
6.270833333333333037e+00,3.380950686262722549e-01
6.291666666666666075e+00,-3.865160945232714029e-01
6.312500000000000000e+00,2.002848349796453875e-01
6.333333333333333037e+00,8.426345427647361497e-01
6.354166666666666075e+00,1.797652712416770160e-01
6.375000000000000000e+00,-5.368482860970300585e-01
6.395833333333333037e+00,5.762757802919703243e-02
6.416666666666666075e+00,6.933744090167412999e-01
6.437500000000000000e+00,2.354416824132954389e-02
6.458333333333333037e+00,-6.861476961768169236e-01
6.479166666666666075e+00,-8.496268952809878094e-02
6.500000000000000000e+00,5.450400429587356488e-01
6.520833333333333037e+00,-1.307610750332641181e-01
6.541666666666666075e+00,-8.343995193116907627e-01
6.562500000000000000e+00,-2.274776389867140813e-01
6.583333333333333037e+00,3.974151438868077646e-01
6.604166666666666075e+00,-8.431915613751450600e-03
6.625000000000000000e+00,-5.377218862318834391e-01
6.645833333333333037e+00,7.317943012282426829e-02
6.666666666666666075e+00,6.931945836828528051e-01
6.687500000000000000e+00,1.854546651241248401e-02
6.708333333333333037e+00,-6.787414246257352790e-01
6.729166666666666075e+00,-6.728444791937414349e-02
6.750000000000000000e+00,5.567187733604999078e-01
6.770833333333333037e+00,-1.234580324791936801e-01
6.791666666666666075e+00,-2.807378277276427747e-01
6.812500000000000000e+00,3.234200163457534583e-01
6.833333333333333037e+00,6.556669243765231858e-01
6.854166666666666075e+00,-1.867173472337582685e-02
6.875000000000000000e+00,-7.278200213927719098e-01
6.895833333333333037e+00,-1.279522911144599928e-01
6.916666666666666075e+00,5.068534957230133031e-01
6.937500000000000000e+00,1.762889762237710711e-01
6.958333333333333037e+00,-5.388545426084513368e-01
6.979166666666666075e+00,5.502095686504432370e-02
7.000000000000000000e+00,6.955604377255686366e-01
7.020833333333333037e+00,3.333107482713340564e-02
7.041666666666666075e+00,-6.882650384411321820e-01
7.062500000000000000e+00,-7.959059047407046616e-02
7.083333333333333037e+00,5.629764907508649774e-01
7.104166666666666075e+00,1.886354701159840275e-01
7.125000000000000000e+00,-5.254150630870405569e-01
7.145833333333333037e+00,7.243638262371387970e-02
7.166666666666666075e+00,7.026605132506766882e-01
7.187500000000000000e+00,2.687687720114664836e-02
7.208333333333333037e+00,-6.244979040977062246e-01
7.229166666666666075e+00,-1.458219109432339067e-02
7.250000000000000000e+00,6.041582786734411847e-01
7.270833333333333037e+00,-8.325779406776073754e-02
7.291666666666666075e+00,-2.135827207314130727e-01
7.312500000000000000e+00,4.070129804855791011e-01
7.333333333333333037e+00,3.720866652964671117e-01
7.354166666666666075e+00,-2.908280632623931883e-01
7.375000000000000000e+00,1.517675825073447338e-01
7.395833333333333037e+00,5.789615906612310958e-01
7.416666666666666075e+00,-1.178781279202945897e-01
7.437500000000000000e+00,-7.589700775118887188e-01
7.458333333333333037e+00,-1.433879329393243363e-01
7.479166666666666075e+00,5.653386508874569394e-01
7.500000000000000000e+00,-1.278832004646019982e-01
7.520833333333333037e+00,-7.536326154733228311e-01
7.541666666666666075e+00,-1.324313855668456941e-01
7.562500000000000000e+00,5.610916994692690674e-01
7.583333333333333037e+00,-1.383414204068720565e-01
7.604166666666666075e+00,-7.690310931059403110e-01
7.625000000000000000e+00,-1.461329466364087448e-01
7.645833333333333037e+00,5.701594488331132027e-01
7.666666666666666075e+00,-1.122817961281951660e-01
7.687500000000000000e+00,-6.250084756016748289e-01
7.708333333333333037e+00,-5.625202496046644018e-03
7.729166666666666075e+00,7.058445298255671130e-01
7.750000000000000000e+00,1.302168678225015808e-02
7.770833333333333037e+00,-6.112536990652541746e-01
7.791666666666666075e+00,4.244715228647819028e-03
7.812500000000000000e+00,7.126053074540866783e-01
7.833333333333333037e+00,1.871353972100228691e-02
7.854166666666666075e+00,-6.076813031806426180e-01
7.875000000000000000e+00,1.375895522047709818e-02
7.895833333333333037e+00,7.074342688005914592e-01
7.916666666666666075e+00,7.307475268976765248e-03
7.937500000000000000e+00,-6.255790992184004917e-01
7.958333333333333037e+00,-2.206479860505816681e-03
7.979166666666666075e+00,7.149912234549300472e-01
8.000000000000000000e+00,1.530501960413127582e-02
8.020833333333332149e+00,-6.196664695541534984e-01
8.041666666666666075e+00,9.626118057629556857e-03
8.062500000000000000e+00,7.112059513207474870e-01
8.083333333333332149e+00,3.714069984559142945e-03
8.104166666666666075e+00,-6.345019677909182754e-01
8.125000000000000000e+00,-5.006083423293949952e-03
8.145833333333332149e+00,7.177467974378075599e-01
8.166666666666666075e+00,1.202217390633461558e-02
8.187500000000000000e+00,-6.278191973322374553e-01
8.208333333333332149e+00,5.755886650367081359e-03
8.229166666666666075e+00,4.838294202066957261e-01
8.250000000000000000e+00,-2.259566329321041900e-01
8.270833333333332149e+00,-8.674594833484661205e-01
8.291666666666666075e+00,-2.373695397266218643e-01
8.312500000000000000e+00,4.864412167864619052e-01
8.333333333333332149e+00,-2.187783821558701713e-01
8.354166666666666075e+00,-8.563288859287948585e-01
8.375000000000000000e+00,-2.258309927165391973e-01
8.395833333333332149e+00,4.992280183409503191e-01
8.416666666666666075e+00,-2.017024079768156841e-01
8.437500000000000000e+00,-5.791647273109075122e-01
8.458333333333332149e+00,5.534006264794330554e-02
8.479166666666666075e+00,7.848464000627235482e-01
8.500000000000000000e+00,7.425716608681962039e-02
8.520833333333332149e+00,-5.744148954466119505e-01
8.541666666666666075e+00,6.648284454546909972e-02
8.562500000000000000e+00,7.926717627361832275e-01
8.583333333333332149e+00,8.681229056433958924e-02
8.604166666666666075e+00,-5.647688742257035432e-01
8.625000000000000000e+00,7.706761362704406260e-02
8.645833333333332149e+00,8.076760069937709563e-01
8.666666666666666075e+00,8.960969396869261638e-02
8.687500000000000000e+00,-5.534734860648318211e-01
8.708333333333332149e+00,8.762871294510282683e-02
8.729166666666666075e+00,6.259301200629729944e-01
8.750000000000000000e+00,-9.616804722732441579e-02
8.770833333333332149e+00,-7.401922873414168436e-01
8.791666666666666075e+00,-9.027424912819795311e-02
8.812500000000000000e+00,6.424121294425280126e-01
8.833333333333332149e+00,-5.941679424631612916e-02
8.854166666666666075e+00,-7.105825549613167258e-01
8.875000000000000000e+00,-5.767368525646252020e-02
8.895833333333332149e+00,6.715313615272429093e-01
8.916666666666666075e+00,-5.693944614397306037e-02
8.937500000000000000e+00,-6.978660560964284887e-01
8.958333333333332149e+00,-4.761180253733385270e-02
8.979166666666666075e+00,5.325438977954972675e-01
9.000000000000000000e+00,-1.978154539535947054e-01
9.020833333333332149e+00,-8.382552647468299867e-01
9.041666666666666075e+00,-1.816187833338516744e-01
9.062500000000000000e+00,5.438592245689928273e-01
9.083333333333332149e+00,-1.969963757943993532e-01
9.104166666666666075e+00,-8.472869897416444029e-01
9.125000000000000000e+00,-1.765524832853017090e-01
9.145833333333332149e+00,5.362591505322659158e-01
9.166666666666666075e+00,-2.150308977724857962e-01
9.187500000000000000e+00,-8.743044209456267701e-01
9.208333333333332149e+00,-2.053382585017508033e-01
9.229166666666666075e+00,5.363581016143306179e-01
9.250000000000000000e+00,-2.095527757335164665e-01
9.270833333333332149e+00,-2.260579431005221296e-01
9.291666666666666075e+00,4.403473043846687363e-01
9.312500000000000000e+00,3.802985598082280760e-01
9.333333333333332149e+00,-3.592701914957914244e-01
9.354166666666666075e+00,2.794795559906464444e-01
9.375000000000000000e+00,7.287669538562318028e-01
9.395833333333332149e+00,1.728748053398502238e-01
9.416666666666666075e+00,-5.662419953995193600e-01
9.437500000000000000e+00,7.084834441508441882e-02
9.458333333333332149e+00,7.304039065826238852e-01
9.479166666666666075e+00,1.768886243022432248e-01
9.500000000000000000e+00,-5.551993119880473948e-01
9.520833333333332149e+00,7.910139906794888542e-02
9.541666666666666075e+00,4.743234475104846637e-01
9.562500000000000000e+00,-8.138347431259593256e-02
9.583333333333332149e+00,-8.105070084192774749e-01
9.604166666666666075e+00,-1.704514782577149501e-01
9.625000000000000000e+00,4.787821209813555301e-01
9.645833333333332149e+00,-8.197861946487089435e-02
9.666666666666666075e+00,-8.051027910274426436e-01
9.687500000000000000e+00,-1.602582575493182449e-01
9.708333333333332149e+00,4.832608598085290086e-01
9.729166666666666075e+00,-8.221998607772570966e-02
9.750000000000000000e+00,-7.989656347936280323e-01
9.770833333333332149e+00,-1.505840372546228267e-01
9.791666666666666075e+00,4.892783353392852197e-01
9.812500000000000000e+00,-8.219435839279752576e-02
9.833333333333332149e+00,-7.990476405626845136e-01
9.854166666666666075e+00,-1.407893138108613773e-01
9.875000000000000000e+00,5.180642577762615275e-01
9.895833333333332149e+00,-5.989587033866798638e-02
9.916666666666666075e+00,-7.849523955388566510e-01
9.937500000000000000e+00,-1.296513005751888103e-01
9.958333333333332149e+00,5.248151333278103792e-01
9.979166666666666075e+00,-4.264076148136036748e-02
1.000000000000000000e+01,-6.670208120467180368e-01
1.002083333333333215e+01,-2.391829972984396702e-02
1.004166666666666607e+01,6.422005633142591208e-01
1.006250000000000000e+01,8.757507316253729246e-02
1.008333333333333215e+01,-6.425780738793291924e-01
1.010416666666666607e+01,-1.193676230091740564e-02
1.012500000000000000e+01,6.545597417817550223e-01
1.014583333333333215e+01,1.029072720592487944e-01
1.016666666666666607e+01,-6.370463009215427963e-01
1.018750000000000000e+01,-3.760064785493233419e-04
1.020833333333333215e+01,6.588230409844955116e-01
1.022916666666666607e+01,1.028452572143497279e-01
1.025000000000000000e+01,-6.164443756173390021e-01
1.027083333333333215e+01,2.376671709995761828e-02
1.029166666666666607e+01,6.789660327462055944e-01
1.031250000000000000e+01,1.171513466794036479e-01
1.033333333333333215e+01,-6.133501747652748692e-01
1.035416666666666607e+01,3.136121144738174271e-02
1.037500000000000000e+01,6.807387978540949680e-01
1.039583333333333215e+01,1.158718606902413434e-01
1.041666666666666607e+01,-6.074661545019055531e-01
1.043750000000000000e+01,3.949700564378028078e-02
1.045833333333333215e+01,6.938401968400217390e-01
1.047916666666666607e+01,1.258717262049013352e-01
1.050000000000000000e+01,-6.006310689124141344e-01
1.052083333333333215e+01,4.811540661394048124e-02
1.054166666666666607e+01,7.002824755208413299e-01
1.056250000000000000e+01,1.339826318783257642e-01
1.058333333333333215e+01,-5.990876089986563180e-01
1.060416666666666607e+01,-4.662363041782072171e-02
1.062500000000000000e+01,3.430355145643665393e-01
1.064583333333333215e+01,-2.188723416870635430e-01
1.066666666666666607e+01,-9.566549468879620433e-01
1.068750000000000000e+01,-3.141869189034484089e-01
1.070833333333333215e+01,3.485711173443211131e-01
1.072916666666666607e+01,-2.086962150629721180e-01
1.075000000000000000e+01,-9.486277551025524835e-01
1.077083333333333215e+01,-3.123144885216653233e-01
1.079166666666666607e+01,3.522815760428815723e-01
1.081250000000000000e+01,-1.985442126615594161e-01
1.083333333333333215e+01,-8.136203097768791581e-01
1.085416666666666607e+01,-1.767381178984682721e-01
1.087500000000000000e+01,5.420623426439857839e-01
1.089583333333333215e+01,-2.089320016755767673e-02
1.091666666666666607e+01,-6.829070368759547760e-01
1.093750000000000000e+01,-3.841033251263001325e-02
1.095833333333333215e+01,6.921046010518967506e-01
1.097916666666666607e+01,1.085181915981114076e-01
1.100000000000000000e+01,-5.345802299457332873e-01
1.102083333333333215e+01,1.303600246024917697e-01
1.104166666666666607e+01,8.408573371801458807e-01
1.106250000000000000e+01,2.380702627024347540e-01
1.108333333333333215e+01,-3.969111646684108097e-01
1.110416666666666607e+01,2.618832561217616650e-01
1.112500000000000000e+01,6.501835667369411098e-01
1.114583333333333215e+01,3.359943106016026471e-02
1.116666666666666607e+01,-5.976189550926875871e-01
1.118750000000000000e+01,7.300109499924059553e-02
1.120833333333333215e+01,7.896804727138146962e-01
1.122916666666666607e+01,1.833293016097951034e-01
1.125000000000000000e+01,-4.609822900502064114e-01
1.127083333333333215e+01,-3.545352896058130976e-01
1.129166666666666607e+01,3.673714403393992800e-01
1.131250000000000000e+01,-2.193484480610782827e-01
1.133333333333333215e+01,-8.633329042937802900e-01
1.135416666666666607e+01,-2.047193814270980017e-01
1.137500000000000000e+01,5.179123841158775887e-01
1.139583333333333215e+01,-6.830474962473753742e-02
1.141666666666666607e+01,-7.137515084628008877e-01
1.143750000000000000e+01,-5.696026057701772394e-02
1.145833333333333215e+01,6.674593609040057052e-01
1.147916666666666607e+01,8.274306401610789785e-02
1.150000000000000000e+01,-5.649747477051146882e-01
1.152083333333333215e+01,6.921758480744888420e-02
1.154166666666666607e+01,3.323591094284256142e-01
1.156250000000000000e+01,-2.538888830886931181e-01
1.158333333333333215e+01,-8.856386288275173158e-01
1.160416666666666607e+01,-2.240139556841430069e-01
1.162500000000000000e+01,4.954577509355159171e-01
1.164583333333333215e+01,-9.731770297236796985e-02
1.166666666666666607e+01,-7.360232574916362180e-01
1.168750000000000000e+01,-6.828211908345147019e-02
1.170833333333333215e+01,6.449274009246677153e-01
1.172916666666666607e+01,4.638236825026018084e-02
1.175000000000000000e+01,-5.875876478237131995e-01
1.177083333333333215e+01,8.532699376403835023e-02
1.179166666666666607e+01,7.932431132833033249e-01
1.181250000000000000e+01,1.803105811783778378e-01
1.183333333333333215e+01,-4.511204130499310017e-01
1.185416666666666607e+01,2.216142274783098054e-01
1.187500000000000000e+01,9.306644949557052460e-01
1.189583333333333215e+01,3.117463624696197311e-01
1.191666666666666607e+01,-3.184648099127289633e-01
1.193750000000000000e+01,-1.389857014169259553e-01
1.195833333333333215e+01,5.591177833272330533e-01
1.197916666666666607e+01,-5.396845735278514578e-02
1.200000000000000000e+01,-6.674470875711652207e-01
1.202083333333333215e+01,2.725993971921247816e-03
1.204166666666666607e+01,6.908855275291121423e-01
1.206250000000000000e+01,7.096748730698379526e-02
1.208333333333333215e+01,-5.441534204272103770e-01
1.210416666666666607e+01,4.339602077410374681e-02
1.212500000000000000e+01,2.280189983005861398e-01
1.214583333333333215e+01,-3.832621126445966420e-01
1.216666666666666607e+01,-5.621075674616818896e-01
1.218750000000000000e+01,1.109450308431464971e-01
1.220833333333333215e+01,2.797034121792293937e-01
1.222916666666666607e+01,-3.306219680919156856e-01
1.225000000000000000e+01,-5.779859416039213604e-01
1.227083333333333215e+01,1.069173926641097117e-01
1.229166666666666607e+01,5.607974669231419185e-01
1.231250000000000000e+01,-5.464361578145716936e-02
1.233333333333333215e+01,-6.713903854567441210e-01
1.235416666666666607e+01,1.947497993027627605e-02
1.237500000000000000e+01,7.099200207936284812e-01
1.239583333333333215e+01,8.567319527756775410e-02
1.241666666666666607e+01,-5.268408001668896112e-01
1.243750000000000000e+01,1.667863033402127437e-01
1.245833333333333215e+01,2.838475540924288998e-01
1.247916666666666607e+01,-3.370129865335532160e-01
1.250000000000000000e+01,-4.114699895925104656e-01
1.252083333333333215e+01,2.834924952775894624e-01
1.254166666666666607e+01,1.072027370100324534e-01
1.256250000000000000e+01,-5.164482794050400116e-01
1.258333333333333215e+01,1.855844150948330884e-01
1.260416666666666607e+01,6.446119875347852135e-01
1.262500000000000000e+01,1.433247197430106978e-02
1.264583333333333215e+01,-6.170169229490020113e-01
1.266666666666666607e+01,7.975210791551431977e-02
1.268750000000000000e+01,7.670554360857565479e-01
1.270833333333333215e+01,1.354951230731068768e-01
1.272916666666666607e+01,-4.936274412061830152e-01
1.275000000000000000e+01,2.061804626098199533e-01
1.277083333333333215e+01,2.984699902009720351e-01
1.279166666666666607e+01,-3.214510070050317081e-01
1.281250000000000000e+01,-3.631309231147418770e-01
1.283333333333333215e+01,3.354399862662225118e-01
1.285416666666666607e+01,-1.720970554512732398e-02
1.287500000000000000e+01,-6.395142236529005597e-01
1.289583333333333215e+01,4.223249828442879328e-02
1.291666666666666607e+01,7.425501021100031629e-01
1.293750000000000000e+01,1.340136441530707656e-01
1.295833333333333215e+01,-4.909367403001685393e-01
1.297916666666666607e+01,1.766714064644133442e-01
1.300000000000000000e+01,6.351261883484021764e-01
1.302083333333333215e+01,2.574180477559277758e-02
1.304166666666666607e+01,-5.993329751202428612e-01
1.306250000000000000e+01,8.292767203098480588e-02
1.308333333333333215e+01,7.831953117469999670e-01
1.310416666666666607e+01,1.692238574419210884e-01
1.312500000000000000e+01,-4.546529784867050505e-01
1.314583333333333215e+01,-1.369781479781544964e-01
1.316666666666666607e+01,5.662098185025032926e-01
1.318750000000000000e+01,-4.425949103913520699e-02
1.320833333333333215e+01,-6.772937732299639801e-01
1.322916666666666607e+01,-7.198504209912609531e-03
1.325000000000000000e+01,7.100785883736373538e-01
1.327083333333333215e+01,1.205001058743040837e-01
1.329166666666666607e+01,-5.280306436855426444e-01
1.331250000000000000e+01,-2.707205487466567417e-01
1.333333333333333215e+01,4.597015267698713048e-01
1.335416666666666607e+01,-1.452247425018386440e-01
1.337500000000000000e+01,-7.982071149584546443e-01
1.339583333333333215e+01,-2.044090346194971652e-01
1.341666666666666607e+01,5.257337372450849866e-01
1.343750000000000000e+01,-1.148069579809672947e-01
1.345833333333333215e+01,-7.584424734026294912e-01
1.347916666666666607e+01,-1.914070641590277511e-01
1.350000000000000000e+01,5.207236922128350987e-01
1.352083333333333215e+01,5.731748786133569751e-03
1.354166666666666607e+01,-3.915774240982556331e-01
1.356250000000000000e+01,1.884289764608581830e-01
1.358333333333333215e+01,9.015250186261354326e-01
1.360416666666666607e+01,2.357958771479001792e-01
1.362500000000000000e+01,-4.053837929898102543e-01
1.364583333333333215e+01,1.835470568539155911e-01
1.366666666666666607e+01,9.050985808566474056e-01
1.368750000000000000e+01,2.361917817571279887e-01
1.370833333333333215e+01,-4.104309984017188162e-01
1.372916666666666607e+01,1.745459177148725449e-01
1.375000000000000000e+01,8.722453699140506611e-01
1.377083333333333215e+01,2.048014118606993339e-01
1.379166666666666607e+01,-4.447016323892907241e-01
1.381250000000000000e+01,1.531013981438417160e-02
1.383333333333333215e+01,5.915053311629115962e-01
1.385416666666666607e+01,-7.105139116743097727e-02
1.387500000000000000e+01,-7.211685215819507722e-01
1.389583333333333215e+01,-1.440202531359554838e-01
1.391666666666666607e+01,5.838837556013498631e-01
1.393750000000000000e+01,-7.134159399796427548e-02
1.395833333333333215e+01,-7.202282421055160588e-01
1.397916666666666607e+01,-1.512234267682385780e-01
1.400000000000000000e+01,5.737849352808324088e-01
1.402083333333333215e+01,-7.290885915396064232e-02
1.404166666666666607e+01,-7.228926700821853846e-01
1.406250000000000000e+01,-1.592617761302521640e-01
1.408333333333333215e+01,5.731144653251372123e-01
1.410416666666666607e+01,-7.115223434340745001e-02
1.412500000000000000e+01,-7.294068241037257039e-01
1.414583333333333215e+01,-1.673535175149953314e-01
1.416666666666666607e+01,5.727764133824658765e-01
1.418750000000000000e+01,8.254735526692009995e-02
1.420833333333333215e+01,-4.762422026532531771e-01
1.422916666666666607e+01,8.138796329413694464e-02
1.425000000000000000e+01,8.277825266937651749e-01
1.427083333333333215e+01,1.907810239570094102e-01
1.429166666666666607e+01,-4.803619286257991838e-01
1.431250000000000000e+01,8.553529833724642095e-02
1.433333333333333215e+01,8.334857436712647116e-01
1.435416666666666607e+01,1.984424727583928016e-01
1.437500000000000000e+01,-4.665381485002861872e-01
1.439583333333333215e+01,8.963072874915811727e-02
1.441666666666666607e+01,8.268376175387767146e-01
1.443750000000000000e+01,1.870429921790486283e-01
1.445833333333333215e+01,-4.668210322098594878e-01
1.447916666666666607e+01,9.280014636350013280e-02
1.450000000000000000e+01,8.071260364943905197e-01
1.452083333333333215e+01,1.632748696963982338e-01
1.454166666666666607e+01,-4.836874319462611815e-01
1.456250000000000000e+01,8.331182204258058555e-02
1.458333333333333215e+01,8.061671257062745788e-01
1.460416666666666607e+01,1.513376508412764831e-01
1.462500000000000000e+01,-4.931730513995852272e-01
1.464583333333333215e+01,8.417456323330557710e-02
1.466666666666666607e+01,4.998814469147997430e-01
1.468750000000000000e+01,-1.639764734142584446e-01
1.470833333333333215e+01,-8.214376362567810119e-01
1.472916666666666607e+01,-2.372877082870064880e-01
1.475000000000000000e+01,4.848702872439611400e-01
1.477083333333333215e+01,-1.757229528434838262e-01
1.479166666666666607e+01,-8.236539361159516126e-01
1.481250000000000000e+01,-2.506302606504443586e-01
1.483333333333333215e+01,4.789591927399089455e-01
1.485416666666666607e+01,-1.533552473621214440e-01
1.487500000000000000e+01,-4.197876310555067603e-01
1.489583333333333215e+01,1.393074097366692188e-01
1.491666666666666607e+01,8.736569476052584715e-01
1.493750000000000000e+01,2.368300786484273945e-01
1.495833333333333215e+01,-4.248669598684739479e-01
1.497916666666666607e+01,1.231497897795930246e-01
1.500000000000000000e+01,8.520793237377626284e-01
1.502083333333333215e+01,2.258889626293512087e-01
1.504166666666666607e+01,-4.368882690141269731e-01
1.506250000000000000e+01,-5.234904183440580727e-03
1.508333333333333215e+01,7.128669586227337485e-01
1.510416666666666607e+01,7.813672330245091668e-02
1.512500000000000000e+01,-5.799228392890212191e-01
1.514583333333333215e+01,-2.548255596004156409e-02
1.516666666666666607e+01,7.105183385631353987e-01
1.518750000000000000e+01,6.973260414591084255e-02
1.520833333333333215e+01,-5.885248570223833298e-01
1.522916666666666607e+01,-7.666748151654886878e-02
1.525000000000000000e+01,5.401538405044350455e-01
1.527083333333333215e+01,-1.084124250021828439e-01
1.529166666666666607e+01,-7.646054914781549305e-01
1.531250000000000000e+01,-1.946217921825800778e-01
1.533333333333333215e+01,5.384591798740632207e-01
1.535416666666666607e+01,-1.150802394719289690e-01
1.537500000000000000e+01,-7.671528270571088548e-01
1.539583333333333215e+01,-1.938010818078461095e-01
1.541666666666666607e+01,5.339036178765845797e-01
1.543750000000000000e+01,-1.215402529951472299e-01
1.545833333333333215e+01,-6.546392165377665773e-01
1.547916666666666607e+01,-8.074672056763686212e-02
1.550000000000000000e+01,6.393222001250755682e-01
1.552083333333333215e+01,-1.530234942312350133e-02
1.554166666666666607e+01,-3.227525653575507580e-01
1.556250000000000000e+01,2.494983757563156157e-01
1.558333333333333215e+01,9.753391565371731797e-01
1.560416666666666607e+01,3.285732813815442910e-01
1.562500000000000000e+01,-3.289608967603850354e-01
1.564583333333333215e+01,2.263394030917347810e-01
1.566666666666666607e+01,9.345104249284170717e-01
1.568750000000000000e+01,3.017154614575333627e-01
1.570833333333333215e+01,-4.109871307583992661e-01
1.572916666666666607e+01,1.429844787383033056e-01
1.575000000000000000e+01,7.908898620173290261e-01
1.577083333333333215e+01,1.575011245404022708e-01
1.579166666666666607e+01,-5.872225534091362054e-01
1.581250000000000000e+01,-1.810561667002319464e-02
1.583333333333333215e+01,6.393840520789961790e-01
1.585416666666666607e+01,1.790175821459100147e-03
1.587500000000000000e+01,-7.285517395205765023e-01
1.589583333333333215e+01,-1.469444495714753440e-01
1.591666666666666607e+01,5.038687055122982317e-01
1.593750000000000000e+01,-1.503416749334283431e-01
1.595833333333333215e+01,-8.760991866409422180e-01
1.597916666666666607e+01,-2.908379771876293818e-01
1.600000000000000000e+01,3.568596838432959162e-01
1.602083333333333215e+01,-8.487380898308415078e-02
1.604166666666666430e+01,-6.001105070027498156e-01
1.606250000000000000e+01,-9.503241702390696766e-03
1.608333333333333215e+01,6.354016222696696747e-01
1.610416666666666430e+01,-2.378463489031445999e-02
1.612500000000000000e+01,-7.449877224608578707e-01
1.614583333333333215e+01,-1.574907161439493275e-01
1.616666666666666430e+01,4.872513857868446818e-01
1.618750000000000000e+01,4.793840950484347663e-01
1.620833333333333215e+01,-2.429288340018115055e-01
1.622916666666666430e+01,3.405747479309116921e-01
1.625000000000000000e+01,7.629585659500230932e-01
1.627083333333333215e+01,1.070055974857054837e-01
1.629166666666666430e+01,-6.179330062048437044e-01
1.631250000000000000e+01,-3.606796058141162331e-02
1.633333333333333215e+01,6.141517102650532189e-01
1.635416666666666430e+01,-3.606884032384052863e-02
1.637500000000000000e+01,-4.886156437764294092e-01
1.639583333333333215e+01,1.021971276793140898e-01
1.641666666666666430e+01,7.543944120825972766e-01
1.643750000000000000e+01,1.031270589616449240e-01
1.645833333333333215e+01,-6.210174563499797351e-01
1.647916666666666430e+01,-3.022877411651014867e-02
1.650000000000000000e+01,6.059075059261938012e-01
1.652083333333333215e+01,-6.612486106428047683e-02
1.654166666666666430e+01,-4.397083880361810082e-01
1.656250000000000000e+01,1.692756609585323591e-01
1.658333333333333215e+01,7.863684109862356664e-01
1.660416666666666430e+01,1.239757156321817655e-01
1.662500000000000000e+01,-5.674358856477150770e-01
1.664583333333333215e+01,5.364351363389206762e-02
1.666666666666666430e+01,6.734592934237724204e-01
1.668750000000000000e+01,-1.168964627702617776e-02
1.670833333333333215e+01,-7.135390830701781040e-01
1.672916666666666430e+01,-9.008564266741588000e-02
1.675000000000000000e+01,5.367404157854686053e-01
1.677083333333333215e+01,-1.433449702577543339e-01
1.679166666666666430e+01,-8.191775016252020869e-01
1.681250000000000000e+01,-2.077581694377079458e-01
1.683333333333333215e+01,4.122443906144717118e-01
1.685416666666666430e+01,1.400120384223960124e-01
1.687500000000000000e+01,-5.529224683972648879e-01
1.689583333333333215e+01,6.789879790673515603e-02
1.691666666666666430e+01,6.826782696505766523e-01
1.693750000000000000e+01,-8.064128626236483077e-03
1.695833333333333215e+01,-6.982143723031069005e-01
1.697916666666666430e+01,-8.004702032464083850e-02
1.700000000000000000e+01,5.340014989781223242e-01
1.702083333333333215e+01,-3.809274381133345710e-02
1.704166666666666430e+01,-3.231670294922373010e-01
1.706250000000000000e+01,2.917292271154648953e-01
1.708333333333333215e+01,7.878834187830694447e-01
1.710416666666666430e+01,1.032728543481179484e-01
1.712500000000000000e+01,-5.969335171421112918e-01
1.714583333333333215e+01,1.116183393577596661e-02
1.716666666666666430e+01,6.381535111248438641e-01
1.718750000000000000e+01,-3.812687230847089381e-02
1.720833333333333215e+01,-7.462889789506397253e-01
1.722916666666666430e+01,-1.458193705867176504e-01
1.725000000000000000e+01,4.892927767837829123e-01
1.727083333333333215e+01,-1.743268718439724418e-01
1.729166666666666430e+01,-3.436184096083444439e-01
1.731250000000000000e+01,2.512866047337342090e-01
1.733333333333333215e+01,5.796301452110476093e-01
1.735416666666666430e+01,-8.492336988471235748e-02
1.737500000000000000e+01,-8.025399333480356390e-01
1.739583333333333215e+01,-1.769170968605852934e-01
1.741666666666666430e+01,4.567629305988065158e-01
1.743750000000000000e+01,5.714633431128363084e-02
1.745833333333333215e+01,-5.385114522447493890e-01
1.747916666666666430e+01,7.433614920624895261e-02
1.750000000000000000e+01,6.884429388680014528e-01
1.752083333333333215e+01,-5.040676380936442991e-03
1.754166666666666430e+01,-6.876318341654255040e-01
1.756250000000000000e+01,-5.845467368693263444e-02
1.758333333333333215e+01,5.393074802951165481e-01
1.760416666666666430e+01,-1.513134932726340753e-01
1.762500000000000000e+01,-1.771175442770547837e-01
1.764583333333333215e+01,4.599133586848922484e-01
1.766666666666666430e+01,5.919219825823916759e-02
1.768750000000000000e+01,-5.178957292657423439e-01
1.770833333333333215e+01,1.174198998273755790e-01
1.772916666666666430e+01,7.534520435067214583e-01
1.775000000000000000e+01,3.911059744785441716e-02
1.777083333333333215e+01,-6.426024395165698122e-01
1.779166666666666430e+01,-9.087920706486618538e-03
1.781250000000000000e+01,6.232238062572932336e-01
1.783333333333333215e+01,-7.775736969398941434e-02
1.785416666666666430e+01,-7.592526466031099819e-01
1.787500000000000000e+01,-1.394807846609642521e-01
1.789583333333333215e+01,4.828182234056597188e-01
1.791666666666666430e+01,-2.127744560088653814e-01
1.793750000000000000e+01,-3.151725102214171792e-01
1.795833333333333215e+01,3.053793831995665897e-01
1.797916666666666430e+01,3.622104098027128516e-01
1.800000000000000000e+01,-3.380407872717092754e-01
1.802083333333333215e+01,-4.003980514540077945e-02
1.804166666666666430e+01,5.861766065943970760e-01
1.806250000000000000e+01,-8.688808509343581843e-02
1.808333333333333215e+01,-7.930863148845254118e-01
1.810416666666666430e+01,-1.880531021270492320e-01
1.812500000000000000e+01,4.421523117268778003e-01
1.814583333333333215e+01,-2.328260086424750741e-01
1.816666666666666430e+01,-3.654981584919758664e-01
1.818750000000000000e+01,2.365170226420900135e-01
1.820833333333333215e+01,4.696467653177768820e-01
1.822916666666666430e+01,-1.864652362769051441e-01
1.825000000000000000e+01,-6.124752188187964075e-01
1.827083333333333215e+01,-1.667147735985737012e-02
1.829166666666666430e+01,6.271597718210777384e-01
1.831250000000000000e+01,-3.127255756232577566e-02
1.833333333333333215e+01,-7.605514804935304962e-01
1.835416666666666430e+01,-1.718699404434272937e-01
1.837500000000000000e+01,4.861174436168254065e-01
1.839583333333333215e+01,-5.771886130591805109e-02
1.841666666666666430e+01,-5.176371367912324661e-01
1.843750000000000000e+01,5.817731492877108168e-02
1.845833333333333215e+01,7.207170147164692064e-01
1.847916666666666430e+01,8.129950689257181562e-02
1.850000000000000000e+01,-6.590227825004681961e-01
1.852083333333333215e+01,-8.380785334193373293e-02
1.854166666666666430e+01,5.773269616029380602e-01
1.856250000000000000e+01,-6.436742782973614574e-02
1.858333333333333215e+01,-6.751565488572065510e-01
1.860416666666666430e+01,-1.009176517258939115e-01
1.862500000000000000e+01,5.543095267035385021e-01
1.864583333333333215e+01,-5.292421531702010129e-02
1.866666666666666430e+01,-4.376523536250455093e-01
1.868750000000000000e+01,1.425178633236499903e-01
1.870833333333333215e+01,7.911377628121480932e-01
1.872916666666666430e+01,1.354985462607477820e-01
1.875000000000000000e+01,-5.874952962710598969e-01
1.877083333333333215e+01,-1.363639481088974037e-04
1.879166666666666430e+01,6.423982566598116506e-01
1.881250000000000000e+01,-1.954836404838677932e-02
1.883333333333333215e+01,-7.363001313639981893e-01
1.885416666666666430e+01,-1.428788691575318404e-01
1.887500000000000000e+01,4.944672298890205875e-01
1.889583333333333215e+01,-1.726974690381998800e-01
1.891666666666666430e+01,-7.063687403884638671e-01
1.893750000000000000e+01,-1.081069418179921721e-01
1.895833333333333215e+01,5.241655858429081771e-01
1.897916666666666430e+01,-1.387792121999658623e-01
1.900000000000000000e+01,-6.497274321816736142e-01
1.902083333333333215e+01,-5.007960494226240677e-02
1.904166666666666430e+01,5.837378753689359545e-01
1.906250000000000000e+01,-7.845826881920003881e-02
1.908333333333333215e+01,-7.360615586693339818e-01
1.910416666666666430e+01,-1.431310502691105213e-01
1.912500000000000000e+01,5.001709293723698435e-01
1.914583333333333215e+01,5.044657925102032092e-02
1.916666666666666430e+01,-5.200720072071004507e-01
1.918750000000000000e+01,6.058291324364979691e-02
1.920833333333333215e+01,7.152262921747200020e-01
1.922916666666666430e+01,6.942202500378721886e-02
1.925000000000000000e+01,-6.695879509936579765e-01
1.927083333333333215e+01,-1.010565492096706652e-01
1.929166666666666430e+01,5.656979426553274681e-01
1.931250000000000000e+01,-6.753409679811603339e-02
1.933333333333333215e+01,-5.509221471905174639e-01
1.935416666666666430e+01,5.755373027835741784e-03
1.937500000000000000e+01,6.828899292644174945e-01
1.939583333333333215e+01,6.147805781120259383e-02
1.941666666666666430e+01,-6.992370189272636427e-01
1.943750000000000000e+01,-1.528093937342580588e-01
1.945833333333333215e+01,5.341479706222929114e-01
1.947916666666666430e+01,-7.534448070813795639e-02
1.950000000000000000e+01,-6.067952209372270422e-01
1.952083333333333215e+01,-3.006083721116389884e-02
1.954166666666666430e+01,6.574212220931637818e-01
1.956250000000000000e+01,7.861913028033461204e-02
1.958333333333333215e+01,-6.851247889257741086e-01
1.960416666666666430e+01,-5.316877235722433648e-02
1.962500000000000000e+01,6.413390640804526033e-01
1.964583333333333215e+01,7.869199772118409819e-02
1.966666666666666430e+01,-6.654664582851242960e-01
1.968750000000000000e+01,-2.265581767906660327e-02
1.970833333333333215e+01,6.458874119233348754e-01
1.972916666666666430e+01,8.463659168884836437e-02
1.975000000000000000e+01,-6.586397112211556104e-01
1.977083333333333215e+01,-1.650924830148489675e-02
1.979166666666666430e+01,6.435013916800802480e-01
1.981250000000000000e+01,8.388799913634951977e-02
1.983333333333333215e+01,-6.450690930155957847e-01
1.985416666666666430e+01,-3.005698800331191300e-03
1.987500000000000000e+01,3.101752066664120178e-01
1.989583333333333215e+01,-2.506057327445146976e-01
1.991666666666666430e+01,-9.829602660805275560e-01
1.993750000000000000e+01,-3.353457439670865514e-01
1.995833333333333215e+01,3.203076599249133904e-01
1.997916666666666430e+01,-2.480140047229152933e-01
