0.000000000000000000e+00,-4.423852247634150201e-04
2.083333333333333218e-02,1.431771311617136694e-03
4.166666666666666435e-02,3.844970581270743849e-03
6.250000000000000000e-02,6.122469433553977616e-03
8.333333333333332871e-02,7.900079952062842581e-03
1.041666666666666574e-01,8.829377187538541352e-03
1.250000000000000000e-01,8.597237994139136225e-03
1.458333333333333148e-01,6.946702830083919915e-03
1.666666666666666574e-01,1.626672607505237102e-03
1.875000000000000000e-01,-1.097783702508483249e-02
2.083333333333333148e-01,-3.257292251151949758e-02
2.291666666666666574e-01,-6.313600784354157780e-02
2.500000000000000000e-01,-1.020220651472474593e-01
2.708333333333333148e-01,-1.472865964434745267e-01
2.916666666666666297e-01,-1.961535823325957772e-01
3.125000000000000000e-01,-2.464966698269576428e-01
3.333333333333333148e-01,-2.975123837175862040e-01
3.541666666666666297e-01,-3.489366558984689504e-01
3.750000000000000000e-01,-4.005144378889135548e-01
3.958333333333333148e-01,-4.520054937972026732e-01
4.166666666666666297e-01,-5.031944938957417790e-01
4.375000000000000000e-01,-5.538996173634895825e-01
4.583333333333333148e-01,-6.039793700237320317e-01
4.791666666666666297e-01,-6.533374225279099390e-01
5.000000000000000000e-01,-7.019253742400046736e-01
5.208333333333332593e-01,-7.497434430401945793e-01
5.416666666666666297e-01,-7.968276073634587009e-01
5.625000000000000000e-01,-8.428384065764068511e-01
5.833333333333332593e-01,-8.875415939958967160e-01
6.041666666666666297e-01,-9.311620897765063853e-01
6.250000000000000000e-01,-9.741590841571399206e-01
6.458333333333332593e-01,-1.017032505762122785e+00
6.666666666666666297e-01,-1.060228489762779835e+00
6.875000000000000000e-01,-1.104106612825105360e+00
7.083333333333332593e-01,-1.148943216767291275e+00
7.291666666666666297e-01,-1.194917381471189755e+00
7.500000000000000000e-01,-1.242087216671171612e+00
7.708333333333332593e-01,-1.290420328652896353e+00
7.916666666666666297e-01,-1.339865673267644830e+00
8.125000000000000000e-01,-1.390403919565927238e+00
8.333333333333332593e-01,-1.442003647942387223e+00
8.541666666666666297e-01,-1.494547367930129989e+00
8.750000000000000000e-01,-1.547812177694076086e+00
8.958333333333332593e-01,-1.601458382724345597e+00
9.166666666666666297e-01,-1.654963066969022512e+00
9.375000000000000000e-01,-1.707533633437074094e+00
9.583333333333332593e-01,-1.758159813785334480e+00
9.791666666666666297e-01,-1.805943831219459117e+00
1.000000000000000000e+00,-1.850201280614321542e+00
1.020833333333333259e+00,-1.890364894002400487e+00
1.041666666666666519e+00,-1.925971107649429914e+00
1.062500000000000000e+00,-1.956670625729018953e+00
1.083333333333333259e+00,-1.982176593483535143e+00
1.104166666666666519e+00,-2.002163434949571386e+00
1.125000000000000000e+00,-2.016422087907618899e+00
1.145833333333333259e+00,-2.024992871615687751e+00
1.166666666666666519e+00,-2.028076770114970451e+00
1.187500000000000000e+00,-2.025837312837599935e+00
1.208333333333333259e+00,-2.018321763923792922e+00
1.229166666666666519e+00,-2.005464339669275731e+00
1.250000000000000000e+00,-1.987124794088430901e+00
1.270833333333333259e+00,-1.963167743332663751e+00
1.291666666666666519e+00,-1.933614469815872150e+00
1.312500000000000000e+00,-1.898716006519298283e+00
1.333333333333333259e+00,-1.858909515851910443e+00
1.354166666666666519e+00,-1.814773302562704860e+00
1.375000000000000000e+00,-1.767018155858150141e+00
1.395833333333333259e+00,-1.716513293820689068e+00
1.416666666666666519e+00,-1.667883014724397484e+00
1.437500000000000000e+00,-1.623738119304460659e+00
1.458333333333333259e+00,-1.575510530468085646e+00
1.479166666666666519e+00,-1.522572799666937149e+00
1.500000000000000000e+00,-1.468182624843805684e+00
1.520833333333333259e+00,-1.415020615719832620e+00
1.541666666666666519e+00,-1.360265398896223665e+00
1.562500000000000000e+00,-1.302519617486104231e+00
1.583333333333333259e+00,-1.242483057822834747e+00
1.604166666666666519e+00,-1.184323399590267556e+00
1.625000000000000000e+00,-1.125713377304846885e+00
1.645833333333333259e+00,-1.065760403855700256e+00
1.666666666666666519e+00,-1.004564403552784313e+00
1.687500000000000000e+00,-9.429676073852569784e-01
1.708333333333333259e+00,-8.819024616958793805e-01
1.729166666666666519e+00,-8.222665925311731794e-01
1.750000000000000000e+00,-7.630292597282332112e-01
1.770833333333333259e+00,-7.033096004242100907e-01
1.791666666666666519e+00,-6.434280390470228372e-01
1.812500000000000000e+00,-5.845567807745158939e-01
1.833333333333333259e+00,-5.256027263185333309e-01
1.854166666666666519e+00,-4.674318803509381337e-01
1.875000000000000000e+00,-4.098479189064810901e-01
1.895833333333333259e+00,-3.527187466373195024e-01
1.916666666666666519e+00,-2.956874107586306422e-01
1.937500000000000000e+00,-2.399332060477053774e-01
1.958333333333333259e+00,-1.846116673683838305e-01
1.979166666666666519e+00,-1.297333953822053798e-01
2.000000000000000000e+00,-7.525068001699231068e-02
2.020833333333333037e+00,-2.191873218288687558e-02
2.041666666666666519e+00,3.083451995339075297e-02
2.062500000000000000e+00,8.303442549136041961e-02
2.083333333333333037e+00,1.346028859236875208e-01
2.104166666666666519e+00,1.853133351255113193e-01
2.125000000000000000e+00,2.350566201179080661e-01
2.145833333333333037e+00,2.837549918975801888e-01
2.166666666666666519e+00,3.319405563669519110e-01
2.187500000000000000e+00,3.793647483163514189e-01
2.208333333333333037e+00,4.258389687673416191e-01
2.229166666666666519e+00,4.711655402345206189e-01
2.250000000000000000e+00,5.155204738401817366e-01
2.270833333333333037e+00,5.590823265343419779e-01
2.291666666666666519e+00,6.017975341821718560e-01
2.312500000000000000e+00,6.436479728597161998e-01
2.333333333333333037e+00,6.844701911547718121e-01
2.354166666666666519e+00,7.239989619254330044e-01
2.375000000000000000e+00,7.627625445452934638e-01
2.395833333333333037e+00,8.006729078032743807e-01
2.416666666666666519e+00,8.377694195901707053e-01
2.437500000000000000e+00,8.734599533048497122e-01
2.458333333333333037e+00,9.081995229221702104e-01
2.479166666666666519e+00,9.421046801216038658e-01
2.500000000000000000e+00,9.752464181846347557e-01
2.520833333333333037e+00,1.007480926097454210e+00
2.541666666666666519e+00,1.038860692139797592e+00
2.562500000000000000e+00,1.069028936724440104e+00
2.583333333333333037e+00,1.097499374520382265e+00
2.604166666666666519e+00,1.125116914715689198e+00
2.625000000000000000e+00,1.151847467895972033e+00
2.645833333333333037e+00,1.177564920324832620e+00
2.666666666666666519e+00,1.202292389975115006e+00
2.687500000000000000e+00,1.225289661295453580e+00
2.708333333333333037e+00,1.246897048692513721e+00
2.729166666666666519e+00,1.267468947652644173e+00
2.750000000000000000e+00,1.287198553369826914e+00
2.770833333333333037e+00,1.305801917547286140e+00
2.791666666666666519e+00,1.323587612165321392e+00
2.812500000000000000e+00,1.340271187254107543e+00
2.833333333333333037e+00,1.356116143069737934e+00
2.854166666666666519e+00,1.371126735352983017e+00
2.875000000000000000e+00,1.384948159692215519e+00
2.895833333333333037e+00,1.398048193390915461e+00
2.916666666666666519e+00,1.410359619086186456e+00
2.937500000000000000e+00,1.421317701090723640e+00
2.958333333333333037e+00,1.431904612458285264e+00
2.979166666666666519e+00,1.441221642487939825e+00
3.000000000000000000e+00,1.449850080917056472e+00
3.020833333333333037e+00,1.457392396057581863e+00
3.041666666666666519e+00,1.464032033286926771e+00
3.062500000000000000e+00,1.469915837668074099e+00
3.083333333333333037e+00,1.475029978246506834e+00
3.104166666666666519e+00,1.479202313780341616e+00
3.125000000000000000e+00,1.482472087747200629e+00
3.145833333333333037e+00,1.484965318694767111e+00
3.166666666666666519e+00,1.486515894006633642e+00
3.187500000000000000e+00,1.487162398405093011e+00
3.208333333333333037e+00,1.486841439657957675e+00
3.229166666666666519e+00,1.485579776316102940e+00
3.250000000000000000e+00,1.483569722885959896e+00
3.270833333333333037e+00,1.480606077861624126e+00
3.291666666666666519e+00,1.476771559975024406e+00
3.312500000000000000e+00,1.472203696341909396e+00
3.333333333333333037e+00,1.466758812793800937e+00
3.354166666666666519e+00,1.460496234495983536e+00
3.375000000000000000e+00,1.453392683523169859e+00
3.395833333333333037e+00,1.445532965248134349e+00
3.416666666666666519e+00,1.436790333158996402e+00
3.437500000000000000e+00,1.427241785650774197e+00
3.458333333333333037e+00,1.416844695986846148e+00
3.479166666666666519e+00,1.405637117651175938e+00
3.500000000000000000e+00,1.393638283682534951e+00
3.520833333333333037e+00,1.380862561629060403e+00
3.541666666666666519e+00,1.367351260012366732e+00
3.562500000000000000e+00,1.353073936666126853e+00
3.583333333333333037e+00,1.338088525781064630e+00
3.604166666666666519e+00,1.322375617303922724e+00
3.625000000000000000e+00,1.305974840624834599e+00
3.645833333333333037e+00,1.288930552024821763e+00
3.666666666666666519e+00,1.271256693890635558e+00
3.687500000000000000e+00,1.252940556197159827e+00
3.708333333333333037e+00,1.234018774307841015e+00
3.729166666666666519e+00,1.214479434206759301e+00
3.750000000000000000e+00,1.194388197012439035e+00
3.770833333333333037e+00,1.173748492060696869e+00
3.791666666666666519e+00,1.152617058236179659e+00
3.812500000000000000e+00,1.131167581496686836e+00
3.833333333333333037e+00,1.109409396988585206e+00
3.854166666666666519e+00,1.087567200075224116e+00
3.875000000000000000e+00,1.065695906641551449e+00
3.895833333333333037e+00,1.044046835648674065e+00
3.916666666666666519e+00,1.022759454543496149e+00
3.937500000000000000e+00,1.002209395245382550e+00
3.958333333333333037e+00,9.826263873254091896e-01
3.979166666666666519e+00,9.642714136450768470e-01
4.000000000000000000e+00,9.473161812542947313e-01
4.020833333333333037e+00,9.322048378622567189e-01
4.041666666666666075e+00,9.191957457196838766e-01
4.062500000000000000e+00,9.083982892636339734e-01
4.083333333333333037e+00,9.000361817720532454e-01
4.104166666666666075e+00,8.939577664421315406e-01
4.125000000000000000e+00,8.901877550613849222e-01
4.145833333333333037e+00,8.887737754835066672e-01
4.166666666666666075e+00,8.898450188075193168e-01
4.187500000000000000e+00,8.933975509057942022e-01
4.208333333333333037e+00,8.991588314394834969e-01
4.229166666666666075e+00,9.071653922195586084e-01
4.250000000000000000e+00,9.170138733178819779e-01
4.270833333333333037e+00,9.286468480036448314e-01
4.291666666666666075e+00,9.419180915294897982e-01
4.312500000000000000e+00,9.565382508061209821e-01
4.333333333333333037e+00,9.723430671625756805e-01
4.354166666666666075e+00,9.892513736345108777e-01
4.375000000000000000e+00,1.007064271047465098e+00
4.395833333333333037e+00,1.025572446039265895e+00
4.416666666666666075e+00,1.044566931761265360e+00
4.437500000000000000e+00,1.063550442409395114e+00
4.458333333333333037e+00,1.081739229387605583e+00
4.479166666666666075e+00,1.098366551745813435e+00
4.500000000000000000e+00,1.112568874086551363e+00
4.520833333333333037e+00,1.123788540492375088e+00
4.541666666666666075e+00,1.131525127642170725e+00
4.562500000000000000e+00,1.135868462088237774e+00
4.583333333333333037e+00,1.136751154630358807e+00
4.604166666666666075e+00,1.134667367879694577e+00
4.625000000000000000e+00,1.129208082357644916e+00
4.645833333333333037e+00,1.120963836107055744e+00
4.666666666666666075e+00,1.109869858173983870e+00
4.687500000000000000e+00,1.096008848397421964e+00
4.708333333333333037e+00,1.080033509179411766e+00
4.729166666666666075e+00,1.062531055166203053e+00
4.750000000000000000e+00,1.044583127927293020e+00
4.770833333333333037e+00,1.027354089803324655e+00
4.791666666666666075e+00,1.012596340401350048e+00
4.812500000000000000e+00,1.001232061662041595e+00
4.833333333333333037e+00,9.925717623652724475e-01
4.854166666666666075e+00,9.857857630635554758e-01
4.875000000000000000e+00,9.827648582130721344e-01
4.895833333333333037e+00,9.835948926222644051e-01
4.916666666666666075e+00,9.833670655852191356e-01
4.937500000000000000e+00,9.821246591170023077e-01
4.958333333333333037e+00,9.815534690074678714e-01
4.979166666666666075e+00,9.838232860748172826e-01
5.000000000000000000e+00,9.864831816188618374e-01
5.020833333333333037e+00,9.863493539908688712e-01
5.041666666666666075e+00,9.857511345380207679e-01
5.062500000000000000e+00,9.879715842398295589e-01
5.083333333333333037e+00,9.904000412436801959e-01
5.104166666666666075e+00,9.900960553414343002e-01
5.125000000000000000e+00,9.892686987943376531e-01
5.145833333333333037e+00,9.910109556058487312e-01
5.166666666666666075e+00,9.929133183374048155e-01
5.187500000000000000e+00,9.920693362450009323e-01
5.208333333333333037e+00,9.914234684213427684e-01
5.229166666666666075e+00,9.932168817180337950e-01
5.250000000000000000e+00,9.938744814345036316e-01
5.270833333333333037e+00,9.922757527165287916e-01
5.291666666666666075e+00,9.924098924670610167e-01
5.312500000000000000e+00,9.939184485334935371e-01
5.333333333333333037e+00,9.930679225919180064e-01
5.354166666666666075e+00,9.916107231502099273e-01
5.375000000000000000e+00,9.926212587033854673e-01
5.395833333333333037e+00,9.929941323370892192e-01
5.416666666666666075e+00,9.912436624745464275e-01
5.437500000000000000e+00,9.913076481083633595e-01
5.458333333333333037e+00,9.923694316890385725e-01
5.479166666666666075e+00,9.909419673087599412e-01
5.500000000000000000e+00,9.903861227391755895e-01
5.520833333333333037e+00,9.913729621799951541e-01
5.541666666666666075e+00,9.903588169809027786e-01
5.562500000000000000e+00,9.897957816237227258e-01
5.583333333333333037e+00,9.907506301927940795e-01
5.604166666666666075e+00,9.896067394021603736e-01
5.625000000000000000e+00,9.898318280927457247e-01
5.645833333333333037e+00,9.903892830754777998e-01
5.666666666666666075e+00,9.892904158184842034e-01
5.687500000000000000e+00,9.901813290148755442e-01
5.708333333333333037e+00,9.899582306126597508e-01
5.729166666666666075e+00,9.895620763996428870e-01
5.750000000000000000e+00,9.904413393026155754e-01
5.770833333333333037e+00,9.895149875920844496e-01
5.791666666666666075e+00,9.902715606109363522e-01
5.812500000000000000e+00,9.900842404056729995e-01
5.833333333333333037e+00,9.899438016198702783e-01
5.854166666666666075e+00,9.906622648957056354e-01
5.875000000000000000e+00,9.898686277461210548e-01
5.895833333333333037e+00,9.908008380548395388e-01
5.916666666666666075e+00,9.901668092808066923e-01
5.937500000000000000e+00,9.904883369350793165e-01
5.958333333333333037e+00,9.906088405805337782e-01
5.979166666666666075e+00,9.901098077250155560e-01
6.000000000000000000e+00,9.908811032588837886e-01
6.020833333333333037e+00,9.899653713839130509e-01
6.041666666666666075e+00,9.907394826276868516e-01
6.062500000000000000e+00,9.902296643477697113e-01
6.083333333333333037e+00,9.903041589796431898e-01
6.104166666666666075e+00,9.906096480669995819e-01
6.125000000000000000e+00,9.899355568867906907e-01
6.145833333333333037e+00,9.907989185739960458e-01
6.166666666666666075e+00,9.899205360611563753e-01
6.187500000000000000e+00,9.905782025637164256e-01
6.208333333333333037e+00,9.902884759249085400e-01
6.229166666666666075e+00,9.901556481062390169e-01
6.250000000000000000e+00,9.906642311174208571e-01
6.270833333333333037e+00,9.899197660393427300e-01
6.291666666666666075e+00,9.907457012164794241e-01
6.312500000000000000e+00,9.899182459315593041e-01
6.333333333333333037e+00,9.905488669486708364e-01
6.354166666666666075e+00,9.901954687952995160e-01
6.375000000000000000e+00,9.902118545427511798e-01
6.395833333333333037e+00,9.905156746159565762e-01
6.416666666666666075e+00,9.899146363571040830e-01
6.437500000000000000e+00,9.906969938473553228e-01
6.458333333333333037e+00,9.898537584390816324e-01
6.479166666666666075e+00,9.906250386230606164e-01
6.500000000000000000e+00,9.900597756226264812e-01
6.520833333333333037e+00,9.903378436819495478e-01
6.541666666666666075e+00,9.903961770009696020e-01
6.562500000000000000e+00,9.900131749001658266e-01
6.583333333333333037e+00,9.906886162694663600e-01
6.604166666666666075e+00,9.898917736642788290e-01
6.625000000000000000e+00,9.907124237371603970e-01
6.645833333333333037e+00,9.899916473173655529e-01
6.666666666666666075e+00,9.905174047180003161e-01
6.687500000000000000e+00,9.903261143248551779e-01
6.708333333333333037e+00,9.901781191962507611e-01
6.729166666666666075e+00,9.906783874117855992e-01
6.750000000000000000e+00,9.898736114928339269e-01
6.770833333333333037e+00,9.907779443816708831e-01
6.791666666666666075e+00,9.899947262393093972e-01
6.812500000000000000e+00,9.904481028771876527e-01
6.833333333333333037e+00,9.903765295245483546e-01
6.854166666666666075e+00,9.900443665933542636e-01
6.875000000000000000e+00,9.907344867615497375e-01
6.895833333333333037e+00,9.898322115326465553e-01
6.916666666666666075e+00,9.907038424012051259e-01
6.937500000000000000e+00,9.900881689685196996e-01
6.958333333333333037e+00,9.903537257113951275e-01
6.979166666666666075e+00,9.904989694742185602e-01
7.000000000000000000e+00,9.900052250298236878e-01
7.020833333333333037e+00,9.907322680033220363e-01
7.041666666666666075e+00,9.898764052324627860e-01
7.062500000000000000e+00,9.906693831333355238e-01
7.083333333333333037e+00,9.900074043650286537e-01
7.104166666666666075e+00,9.904154873475797816e-01
7.125000000000000000e+00,9.903324603175175378e-01
7.145833333333333037e+00,9.900732447322716512e-01
7.166666666666666075e+00,9.906274045139471518e-01
7.187500000000000000e+00,9.898579196083723275e-01
7.208333333333333037e+00,9.906965980440090025e-01
7.229166666666666075e+00,9.899198564606909168e-01
7.250000000000000000e+00,9.905288744335054574e-01
7.270833333333333037e+00,9.901963186451798737e-01
7.291666666666666075e+00,9.901954569997195588e-01
7.312500000000000000e+00,9.905275210303866595e-01
7.333333333333333037e+00,9.899308620329365649e-01
7.354166666666666075e+00,9.907389808714784918e-01
7.375000000000000000e+00,9.898840272084338254e-01
7.395833333333333037e+00,9.906500515813175811e-01
7.416666666666666075e+00,9.901254771990121162e-01
7.437500000000000000e+00,9.903744719798530660e-01
7.458333333333333037e+00,9.904486738609270535e-01
7.479166666666666075e+00,9.900594569997945849e-01
7.500000000000000000e+00,9.907355728641108472e-01
7.520833333333333037e+00,9.898741066350444928e-01
7.541666666666666075e+00,9.907138500102009582e-01
7.562500000000000000e+00,9.899992297395840968e-01
7.583333333333333037e+00,9.903595310172548238e-01
7.604166666666666075e+00,9.903853552401548077e-01
7.625000000000000000e+00,9.899081565619654022e-01
7.645833333333333037e+00,9.906628061990669920e-01
7.666666666666666075e+00,9.897958546284362225e-01
7.687500000000000000e+00,9.905872193858161756e-01
7.708333333333333037e+00,9.900326163894990206e-01
7.729166666666666075e+00,9.901963308879879744e-01
7.750000000000000000e+00,9.904918457198811366e-01
7.770833333333333037e+00,9.898570494703800016e-01
7.791666666666666075e+00,9.906821374580929707e-01
7.812500000000000000e+00,9.898519683447910555e-01
7.833333333333333037e+00,9.905588223377150836e-01
7.854166666666666075e+00,9.900864489707883465e-01
7.875000000000000000e+00,9.903194350455188921e-01
7.895833333333333037e+00,9.904295272612257950e-01
7.916666666666666075e+00,9.900935902446174053e-01
7.937500000000000000e+00,9.907294876309938880e-01
7.958333333333333037e+00,9.899818040745420600e-01
7.979166666666666075e+00,9.908484129927866979e-01
8.000000000000000000e+00,9.900757507446903416e-01
8.020833333333332149e+00,9.907482177220470199e-01
8.041666666666666075e+00,9.903211804861787870e-01
8.062500000000000000e+00,9.904891570086630237e-01
8.083333333333332149e+00,9.906421876689428530e-01
8.104166666666666075e+00,9.902303983206105498e-01
8.125000000000000000e+00,9.908667737181476864e-01
8.145833333333332149e+00,9.900872564722713598e-01
8.166666666666666075e+00,9.909387936516453887e-01
8.187500000000000000e+00,9.901493704979172916e-01
8.208333333333332149e+00,9.907750588342310039e-01
8.229166666666666075e+00,9.904237433034054350e-01
8.250000000000000000e+00,9.904246319622609374e-01
8.270833333333332149e+00,9.907289612235470333e-01
8.291666666666666075e+00,9.901066315945065144e-01
8.312500000000000000e+00,9.908645902460416766e-01
8.333333333333332149e+00,9.900166812351128831e-01
8.354166666666666075e+00,9.907778629904705481e-01
8.375000000000000000e+00,9.901972718191824896e-01
8.395833333333332149e+00,9.904560063803951042e-01
8.416666666666666075e+00,9.905247952532996170e-01
8.437500000000000000e+00,9.901410042281910684e-01
8.458333333333332149e+00,9.908061409924944218e-01
8.479166666666666075e+00,9.900010024006629106e-01
8.500000000000000000e+00,9.908483416530311505e-01
8.520833333333332149e+00,9.901277006868729469e-01
8.541666666666666075e+00,9.906348871101399167e-01
8.562500000000000000e+00,9.904616587421863905e-01
8.583333333333332149e+00,9.903249023837322751e-01
8.604166666666666075e+00,9.907876118218421624e-01
8.625000000000000000e+00,9.900619576859666093e-01
8.645833333333332149e+00,9.908942304124597200e-01
8.666666666666666075e+00,9.900848834112132568e-01
8.687500000000000000e+00,9.907535186805602745e-01
8.708333333333332149e+00,9.903121356551578547e-01
8.729166666666666075e+00,9.904055460054882465e-01
8.750000000000000000e+00,9.906312963350180079e-01
8.770833333333332149e+00,9.900923870301234775e-01
8.791666666666666075e+00,9.908362473004029836e-01
8.812500000000000000e+00,9.900199284522874787e-01
8.833333333333332149e+00,9.907716363074782207e-01
8.854166666666666075e+00,9.901540964567248082e-01
8.875000000000000000e+00,9.905551844487986424e-01
8.895833333333332149e+00,9.904173345301561238e-01
8.916666666666666075e+00,9.902921357351336384e-01
8.937500000000000000e+00,9.906791043375665629e-01
8.958333333333332149e+00,9.900917231196836310e-01
8.979166666666666075e+00,9.908377832211026082e-01
9.000000000000000000e+00,9.900411688259185272e-01
9.020833333333332149e+00,9.908117170020994680e-01
9.041666666666666075e+00,9.902166021483017611e-01
9.062500000000000000e+00,9.905192062560862487e-01
9.083333333333332149e+00,9.905768656011104678e-01
9.104166666666666075e+00,9.902355680736838472e-01
9.125000000000000000e+00,9.908769817772086208e-01
9.145833333333332149e+00,9.900700928398284972e-01
9.166666666666666075e+00,9.909096499790528423e-01
9.187500000000000000e+00,9.901750119883299117e-01
9.208333333333332149e+00,9.907079447442098674e-01
9.229166666666666075e+00,9.904909529239391830e-01
9.250000000000000000e+00,9.903604428518031355e-01
9.270833333333332149e+00,9.907817270009809940e-01
9.291666666666666075e+00,9.900764726886757128e-01
9.312500000000000000e+00,9.909040780484094091e-01
9.333333333333332149e+00,9.900853581521156244e-01
9.354166666666666075e+00,9.907706618879807969e-01
9.375000000000000000e+00,9.903031009811452678e-01
9.395833333333332149e+00,9.904410548488762345e-01
9.416666666666666075e+00,9.906506135671069302e-01
9.437500000000000000e+00,9.901501777507455415e-01
9.458333333333332149e+00,9.908946275483521138e-01
9.479166666666666075e+00,9.900684892976254758e-01
9.500000000000000000e+00,9.908708116467128679e-01
9.520833333333332149e+00,9.902240769065465686e-01
9.541666666666666075e+00,9.906188545497263132e-01
9.562500000000000000e+00,9.905703489623161051e-01
9.583333333333332149e+00,9.902934032167750589e-01
9.604166666666666075e+00,9.908466473997779023e-01
9.625000000000000000e+00,9.900606359486912034e-01
9.645833333333332149e+00,9.909178363383532862e-01
9.666666666666666075e+00,9.901248008701543091e-01
9.687500000000000000e+00,9.906935610386683466e-01
9.708333333333332149e+00,9.903903881088883532e-01
9.729166666666666075e+00,9.903714320895254941e-01
9.750000000000000000e+00,9.906747534273223632e-01
9.770833333333332149e+00,9.901564027244181831e-01
9.791666666666666075e+00,9.908880690823171911e-01
9.812500000000000000e+00,9.900399418162614262e-01
9.833333333333332149e+00,9.908574412758591743e-01
9.854166666666666075e+00,9.901324376327876875e-01
9.875000000000000000e+00,9.905551671441801265e-01
9.895833333333332149e+00,9.904051479946766046e-01
9.916666666666666075e+00,9.901813644473631548e-01
9.937500000000000000e+00,9.906910159548751871e-01
9.958333333333332149e+00,9.899750114572392068e-01
9.979166666666666075e+00,9.907958473979414649e-01
1.000000000000000000e+01,9.899787606953858177e-01
1.002083333333333215e+01,9.906470603096777516e-01
1.004166666666666607e+01,9.902768019508667585e-01
1.006250000000000000e+01,9.903255702467089749e-01
1.008333333333333215e+01,9.906110570730004561e-01
1.010416666666666607e+01,9.900425998865578503e-01
1.012500000000000000e+01,9.908020559937537053e-01
1.014583333333333215e+01,9.899488299811395331e-01
1.016666666666666607e+01,9.907429346658169766e-01
1.018750000000000000e+01,9.901504058185576218e-01
1.020833333333333215e+01,9.904402750076380935e-01
1.022916666666666607e+01,9.904635968145198976e-01
1.025000000000000000e+01,9.901129844698296489e-01
1.027083333333333215e+01,9.907730946580828313e-01
1.029166666666666607e+01,9.899601231810732926e-01
1.031250000000000000e+01,9.908148684640988302e-01
1.033333333333333215e+01,9.900759274165576995e-01
1.035416666666666607e+01,9.904567743723977635e-01
1.037500000000000000e+01,9.904659723938717963e-01
1.039583333333333215e+01,9.900108453507161510e-01
1.041666666666666607e+01,9.907237105853669012e-01
1.043750000000000000e+01,9.898455739685897425e-01
1.045833333333333215e+01,9.906608317675678066e-01
1.047916666666666607e+01,9.900783236110223262e-01
1.050000000000000000e+01,9.902480525346392115e-01
1.052083333333333215e+01,9.904976059845519432e-01
1.054166666666666607e+01,9.898991105098984278e-01
1.056250000000000000e+01,9.907156488730457511e-01
1.058333333333333215e+01,9.898885224128440852e-01
1.060416666666666607e+01,9.906083871117435935e-01
1.062500000000000000e+01,9.900927102272081282e-01
1.064583333333333215e+01,9.902804069469031134e-01
1.066666666666666607e+01,9.904449752588496692e-01
1.068750000000000000e+01,9.899931185306066750e-01
1.070833333333333215e+01,9.907053580161980788e-01
1.072916666666666607e+01,9.898842988111224983e-01
1.075000000000000000e+01,9.907069589580317359e-01
1.077083333333333215e+01,9.900257367575041600e-01
1.079166666666666607e+01,9.904667169163949847e-01
1.081250000000000000e+01,9.903699640212018096e-01
1.083333333333333215e+01,9.901432418674166458e-01
1.085416666666666607e+01,9.906557195048683040e-01
1.087500000000000000e+01,9.898857277550897615e-01
1.089583333333333215e+01,9.907454808495177456e-01
1.091666666666666607e+01,9.899412686493115343e-01
1.093750000000000000e+01,9.905429329676542771e-01
1.095833333333333215e+01,9.901904925175908367e-01
1.097916666666666607e+01,9.902248831085956882e-01
1.100000000000000000e+01,9.904847768426460197e-01
1.102083333333333215e+01,9.899499156884676854e-01
1.104166666666666607e+01,9.906926136002616179e-01
1.106250000000000000e+01,9.898413755445161222e-01
1.108333333333333215e+01,9.906309354174561710e-01
1.110416666666666607e+01,9.900002603482610519e-01
1.112500000000000000e+01,9.903403832594031009e-01
1.114583333333333215e+01,9.902724462517034087e-01
1.116666666666666607e+01,9.900485063081857495e-01
1.118750000000000000e+01,9.905213052739711976e-01
1.120833333333333215e+01,9.898251959669893685e-01
1.122916666666666607e+01,9.906313785407910855e-01
1.125000000000000000e+01,9.897841272942727864e-01
1.127083333333333215e+01,9.904675040341265335e-01
1.129166666666666607e+01,9.900425472821232642e-01
1.131250000000000000e+01,9.901309728469875893e-01
1.133333333333333215e+01,9.903546915424618069e-01
1.135416666666666607e+01,9.898067850766688602e-01
1.137500000000000000e+01,9.905378587161030035e-01
1.139583333333333215e+01,9.896906499882714980e-01
1.141666666666666607e+01,9.904909354445664560e-01
1.143750000000000000e+01,9.898606369103474245e-01
1.145833333333333215e+01,9.902060766675051529e-01
1.147916666666666607e+01,9.901832569251520777e-01
1.150000000000000000e+01,9.898718332730435110e-01
1.152083333333333215e+01,9.904914109396600885e-01
1.154166666666666607e+01,9.897230790945312773e-01
1.156250000000000000e+01,9.905534983486630196e-01
1.158333333333333215e+01,9.897983811144893673e-01
1.160416666666666607e+01,9.903855249659747617e-01
1.162500000000000000e+01,9.901124139429772208e-01
1.164583333333333215e+01,9.900453974140459579e-01
1.166666666666666607e+01,9.904358390897679554e-01
1.168750000000000000e+01,9.897909830962260402e-01
1.170833333333333215e+01,9.905733246052480512e-01
1.172916666666666607e+01,9.897661242028787942e-01
1.175000000000000000e+01,9.905514227721361475e-01
1.177083333333333215e+01,9.899144628842062588e-01
1.179166666666666607e+01,9.902993775440154245e-01
1.181250000000000000e+01,9.901922864945609248e-01
1.183333333333333215e+01,9.899416430455519889e-01
1.185416666666666607e+01,9.904567929728532727e-01
1.187500000000000000e+01,9.896677808693240541e-01
1.189583333333333215e+01,9.904991696363653064e-01
1.191666666666666607e+01,9.897014310609110188e-01
1.193750000000000000e+01,9.902962698374672135e-01
1.195833333333333215e+01,9.899371928993420111e-01
1.197916666666666607e+01,9.899538304725307158e-01
1.200000000000000000e+01,9.902703050583704369e-01
1.202083333333333215e+01,9.896674287013265126e-01
1.204166666666666607e+01,9.904717748696395541e-01
1.206250000000000000e+01,9.896449057358844836e-01
1.208333333333333215e+01,9.904058183504015345e-01
1.210416666666666607e+01,9.898587432293470822e-01
1.212500000000000000e+01,9.901420122092658982e-01
1.214583333333333215e+01,9.902165114794421186e-01
1.216666666666666607e+01,9.898340923460190455e-01
1.218750000000000000e+01,9.904731076664408107e-01
1.220833333333333215e+01,9.896541333653423589e-01
1.222916666666666607e+01,9.905104985497359404e-01
1.225000000000000000e+01,9.897669402364541735e-01
1.227083333333333215e+01,9.902403233123947546e-01
1.229166666666666607e+01,9.901398249626204295e-01
1.231250000000000000e+01,9.897984386081006836e-01
1.233333333333333215e+01,9.904582567662425507e-01
1.235416666666666607e+01,9.895743374391499092e-01
1.237500000000000000e+01,9.904166629010912049e-01
1.239583333333333215e+01,9.897538420355045385e-01
1.241666666666666607e+01,9.900340324986743878e-01
1.243750000000000000e+01,9.901693104049366090e-01
1.245833333333333215e+01,9.896386988889296354e-01
1.247916666666666607e+01,9.904267495410293831e-01
1.250000000000000000e+01,9.895429683981750157e-01
1.252083333333333215e+01,9.903255398051460379e-01
1.254166666666666607e+01,9.898467166813134099e-01
1.256250000000000000e+01,9.898975852277418497e-01
1.258333333333333215e+01,9.902531148563071817e-01
1.260416666666666607e+01,9.895861587008809579e-01
1.262500000000000000e+01,9.904311659656845901e-01
1.264583333333333215e+01,9.896243168065074203e-01
1.266666666666666607e+01,9.904099517922567708e-01
1.268750000000000000e+01,9.898654649018041596e-01
1.270833333333333215e+01,9.902149114279769071e-01
1.272916666666666607e+01,9.901988813820495894e-01
1.275000000000000000e+01,9.899620744237971337e-01
1.277083333333333215e+01,9.904954884089418599e-01
1.279166666666666607e+01,9.897931021121080253e-01
1.281250000000000000e+01,9.906196104190456708e-01
1.283333333333333215e+01,9.897919892158117960e-01
1.285416666666666607e+01,9.905301382919262654e-01
1.287500000000000000e+01,9.900054571012235627e-01
1.289583333333333215e+01,9.902681005290661087e-01
1.291666666666666607e+01,9.902831678140204819e-01
1.293750000000000000e+01,9.899832153405795365e-01
1.295833333333333215e+01,9.905561386690467929e-01
1.297916666666666607e+01,9.897985022722392001e-01
1.300000000000000000e+01,9.906506886578201332e-01
1.302083333333333215e+01,9.898652863790536882e-01
1.304166666666666607e+01,9.904680423067077077e-01
1.306250000000000000e+01,9.901225986621804420e-01
1.308333333333333215e+01,9.901295416586582965e-01
1.310416666666666607e+01,9.904380645350814305e-01
1.312500000000000000e+01,9.898218650752410586e-01
1.314583333333333215e+01,9.906282047301542271e-01
1.316666666666666607e+01,9.897787149728742850e-01
1.318750000000000000e+01,9.905195388212645335e-01
1.320833333333333215e+01,9.899780478182766963e-01
1.322916666666666607e+01,9.902465701718543567e-01
1.325000000000000000e+01,9.903125490092363759e-01
1.327083333333333215e+01,9.899107404903459972e-01
1.329166666666666607e+01,9.905668257744276728e-01
1.331250000000000000e+01,9.897504072115671514e-01
1.333333333333333215e+01,9.905811264744069922e-01
1.335416666666666607e+01,9.898529982352377576e-01
1.337500000000000000e+01,9.903311303729999127e-01
1.339583333333333215e+01,9.901460129290790002e-01
1.341666666666666607e+01,9.899884148872015732e-01
1.343750000000000000e+01,9.904329598437392468e-01
1.345833333333333215e+01,9.897873227498206194e-01
1.347916666666666607e+01,9.905247124541357584e-01
1.350000000000000000e+01,9.896953796788506841e-01
1.352083333333333215e+01,9.904451220825172264e-01
1.354166666666666607e+01,9.898574234063400867e-01
1.356250000000000000e+01,9.901702406266760237e-01
1.358333333333333215e+01,9.901507281516318537e-01
1.360416666666666607e+01,9.898187571381568128e-01
1.362500000000000000e+01,9.904369300656640229e-01
1.364583333333333215e+01,9.896452691255729350e-01
1.366666666666666607e+01,9.904773902275255670e-01
1.368750000000000000e+01,9.897293499714638898e-01
1.370833333333333215e+01,9.902921176579357887e-01
1.372916666666666607e+01,9.900332750666205328e-01
1.375000000000000000e+01,9.899563209010635578e-01
1.377083333333333215e+01,9.903673952386125023e-01
1.379166666666666607e+01,9.896990930306144296e-01
1.381250000000000000e+01,9.904860591584520035e-01
1.383333333333333215e+01,9.897089123035054392e-01
1.385416666666666607e+01,9.903953695111955557e-01
1.387500000000000000e+01,9.898547873527039354e-01
1.389583333333333215e+01,9.901158210840984575e-01
1.391666666666666607e+01,9.900885226232354341e-01
1.393750000000000000e+01,9.897381559631581727e-01
1.395833333333333215e+01,9.903429063248553321e-01
1.397916666666666607e+01,9.895551957103477791e-01
1.400000000000000000e+01,9.903912584792066154e-01
1.402083333333333215e+01,9.896377223317524008e-01
1.404166666666666607e+01,9.902090132616077067e-01
1.406250000000000000e+01,9.899703636106994553e-01
1.408333333333333215e+01,9.899014733703477287e-01
1.410416666666666607e+01,9.903153905384876055e-01
1.412500000000000000e+01,9.896545100591759292e-01
1.414583333333333215e+01,9.904711349118863195e-01
1.416666666666666607e+01,9.896434909699797222e-01
1.418750000000000000e+01,9.903685276487962375e-01
1.420833333333333215e+01,9.898736922232251878e-01
1.422916666666666607e+01,9.900348698702791106e-01
1.425000000000000000e+01,9.901898398148655245e-01
1.427083333333333215e+01,9.897197763717505703e-01
1.429166666666666607e+01,9.904403270555361960e-01
1.431250000000000000e+01,9.896014382131029796e-01
1.433333333333333215e+01,9.904168640504231735e-01
1.435416666666666607e+01,9.897450333689723490e-01
1.437500000000000000e+01,9.901628748416326786e-01
1.439583333333333215e+01,9.900828841136571912e-01
1.441666666666666607e+01,9.898514551548445173e-01
1.443750000000000000e+01,9.903968376357235037e-01
1.445833333333333215e+01,9.896267856006090158e-01
1.447916666666666607e+01,9.904605362550124026e-01
1.450000000000000000e+01,9.896813029848934296e-01
1.452083333333333215e+01,9.903046122582926936e-01
1.454166666666666607e+01,9.899529673274706232e-01
1.456250000000000000e+01,9.899406687052739739e-01
1.458333333333333215e+01,9.902541570216251143e-01
1.460416666666666607e+01,9.896511116434946187e-01
1.462500000000000000e+01,9.904293503235949148e-01
1.464583333333333215e+01,9.895987408558051257e-01
1.466666666666666607e+01,9.903701976569307952e-01
1.468750000000000000e+01,9.897903820745900250e-01
1.470833333333333215e+01,9.900465879552051707e-01
1.472916666666666607e+01,9.901425792585197838e-01
1.475000000000000000e+01,9.897765208697020256e-01
1.477083333333333215e+01,9.903894165493419832e-01
1.479166666666666607e+01,9.896257227433327142e-01
1.481250000000000000e+01,9.904725632638143873e-01
1.483333333333333215e+01,9.897077552304214265e-01
1.485416666666666607e+01,9.903384824200656134e-01
1.487500000000000000e+01,9.900038500265455621e-01
1.489583333333333215e+01,9.899940158016335978e-01
1.491666666666666607e+01,9.903036378525005290e-01
1.493750000000000000e+01,9.896838754642408587e-01
1.495833333333333215e+01,9.904639220151600920e-01
1.497916666666666607e+01,9.896231139151872025e-01
1.500000000000000000e+01,9.903658807562143451e-01
1.502083333333333215e+01,9.897803815937062932e-01
1.504166666666666607e+01,9.900291310799483879e-01
1.506250000000000000e+01,9.901207288938987938e-01
1.508333333333333215e+01,9.897328976307808723e-01
1.510416666666666607e+01,9.903869626786182545e-01
1.512500000000000000e+01,9.895679228248766002e-01
1.514583333333333215e+01,9.904108190722803462e-01
1.516666666666666607e+01,9.896859690153100297e-01
1.518750000000000000e+01,9.901804646940614019e-01
1.520833333333333215e+01,9.900137787440536075e-01
1.522916666666666607e+01,9.898569324588858409e-01
1.525000000000000000e+01,9.902793626915531444e-01
1.527083333333333215e+01,9.896434528127249219e-01
1.529166666666666607e+01,9.904373744520346134e-01
1.531250000000000000e+01,9.895625904978745391e-01
1.533333333333333215e+01,9.902813944857833395e-01
1.535416666666666607e+01,9.897889543671589685e-01
1.537500000000000000e+01,9.899361870926004503e-01
1.539583333333333215e+01,9.900720852743430944e-01
1.541666666666666607e+01,9.895734848734792921e-01
1.543750000000000000e+01,9.902643284588158457e-01
1.545833333333333215e+01,9.894239399950890412e-01
1.547916666666666607e+01,9.902382019875364261e-01
1.550000000000000000e+01,9.895637781570931768e-01
1.552083333333333215e+01,9.899792040719043174e-01
1.554166666666666607e+01,9.898538543772943399e-01
1.556250000000000000e+01,9.897012410969239227e-01
1.558333333333333215e+01,9.901155244239999709e-01
1.560416666666666607e+01,9.894727946127145346e-01
1.562500000000000000e+01,9.902452609086234148e-01
1.564583333333333215e+01,9.894275689938403229e-01
1.566666666666666607e+01,9.901801763409336932e-01
1.568750000000000000e+01,9.895641419527584359e-01
1.570833333333333215e+01,9.899073525998449696e-01
1.572916666666666607e+01,9.898253614614771489e-01
1.575000000000000000e+01,9.896111024013516388e-01
1.577083333333333215e+01,9.900523746009949333e-01
1.579166666666666607e+01,9.893629717235543630e-01
1.581250000000000000e+01,9.901591931587453432e-01
1.583333333333333215e+01,9.893352701701573215e-01
1.585416666666666607e+01,9.900535276157643727e-01
1.587500000000000000e+01,9.894929305643678230e-01
1.589583333333333215e+01,9.897909786831773360e-01
1.591666666666666607e+01,9.897631580422500130e-01
1.593750000000000000e+01,9.894944781063762518e-01
1.595833333333333215e+01,9.900019163802031841e-01
1.597916666666666607e+01,9.892522370910948881e-01
1.600000000000000000e+01,9.901005084336387263e-01
1.602083333333333215e+01,9.892787297514336053e-01
1.604166666666666430e+01,9.898906641287834596e-01
1.606250000000000000e+01,9.895691002195884378e-01
1.608333333333333215e+01,9.896006580173214440e-01
1.610416666666666430e+01,9.899215552352756964e-01
1.612500000000000000e+01,9.893482639503080600e-01
1.614583333333333215e+01,9.901327017715954026e-01
1.616666666666666430e+01,9.892810192800014502e-01
1.618750000000000000e+01,9.900681089457993300e-01
1.620833333333333215e+01,9.895188014297120471e-01
1.622916666666666430e+01,9.897763297009938288e-01
1.625000000000000000e+01,9.898352624059562066e-01
1.627083333333333215e+01,9.894348419297324115e-01
1.629166666666666430e+01,9.900655267986673280e-01
1.631250000000000000e+01,9.892666596767771825e-01
1.633333333333333215e+01,9.901114202451135604e-01
1.635416666666666430e+01,9.893632688235087791e-01
1.637500000000000000e+01,9.898573021620684642e-01
1.639583333333333215e+01,9.896780245030536438e-01
1.641666666666666430e+01,9.895320207590126982e-01
1.643750000000000000e+01,9.900004822871211196e-01
1.645833333333333215e+01,9.893284819282642806e-01
1.647916666666666430e+01,9.901543813253261828e-01
1.650000000000000000e+01,9.893116636738419345e-01
1.652083333333333215e+01,9.900122357341033519e-01
1.654166666666666430e+01,9.895943639862766483e-01
1.656250000000000000e+01,9.896959800770782634e-01
1.658333333333333215e+01,9.899136665072486574e-01
1.660416666666666430e+01,9.893724758740388703e-01
1.662500000000000000e+01,9.901101249195448650e-01
1.664583333333333215e+01,9.892605136124448251e-01
1.666666666666666430e+01,9.900551568604958330e-01
1.668750000000000000e+01,9.894259866911607748e-01
1.670833333333333215e+01,9.897785670449841255e-01
1.672916666666666430e+01,9.897184234194181807e-01
1.675000000000000000e+01,9.895074115661501857e-01
1.677083333333333215e+01,9.899833070682425573e-01
1.679166666666666430e+01,9.892974512879101345e-01
1.681250000000000000e+01,9.900849940563232199e-01
1.683333333333333215e+01,9.892796876510179249e-01
1.685416666666666430e+01,9.900068303935695146e-01
1.687500000000000000e+01,9.894392934458668964e-01
1.689583333333333215e+01,9.897243445077422708e-01
1.691666666666666430e+01,9.897145087333039104e-01
1.693750000000000000e+01,9.894446807140330202e-01
1.695833333333333215e+01,9.899370862374712310e-01
1.697916666666666430e+01,9.892164403765437708e-01
1.700000000000000000e+01,9.900350098998822457e-01
1.702083333333333215e+01,9.892142310414844264e-01
1.704166666666666430e+01,9.899109177172901175e-01
1.706250000000000000e+01,9.894703165966972636e-01
1.708333333333333215e+01,9.896079079809214640e-01
1.710416666666666430e+01,9.898268024991584424e-01
1.712500000000000000e+01,9.893334565041912443e-01
1.714583333333333215e+01,9.901075466121037616e-01
1.716666666666666430e+01,9.892675650676143739e-01
1.718750000000000000e+01,9.900645268882994898e-01
1.720833333333333215e+01,9.894468166483596505e-01
1.722916666666666430e+01,9.898310052315296703e-01
1.725000000000000000e+01,9.897763594336258519e-01
1.727083333333333215e+01,9.894801949969199706e-01
1.729166666666666430e+01,9.900634731397957022e-01
1.731250000000000000e+01,9.892750931197535902e-01
1.733333333333333215e+01,9.900889785574792379e-01
1.735416666666666430e+01,9.893207432565425119e-01
1.737500000000000000e+01,9.899205045798900038e-01
1.739583333333333215e+01,9.895411540606467993e-01
1.741666666666666430e+01,9.896076200359601449e-01
1.743750000000000000e+01,9.898034716033559111e-01
1.745833333333333215e+01,9.893554502236369119e-01
1.747916666666666430e+01,9.900168525123880237e-01
1.750000000000000000e+01,9.892203565968811230e-01
1.752083333333333215e+01,9.900551354431523787e-01
1.754166666666666430e+01,9.893209278847342469e-01
1.756250000000000000e+01,9.898638170451119489e-01
1.758333333333333215e+01,9.896417329635771587e-01
1.760416666666666430e+01,9.895793531069277948e-01
1.762500000000000000e+01,9.900056052963792652e-01
1.764583333333333215e+01,9.893562573940281046e-01
1.766666666666666430e+01,9.902136722446867045e-01
1.768750000000000000e+01,9.893816183621454430e-01
1.770833333333333215e+01,9.900938236771305023e-01
1.772916666666666430e+01,9.896515566338974779e-01
1.775000000000000000e+01,9.898240631371245657e-01
1.777083333333333215e+01,9.899901465155571678e-01
1.779166666666666430e+01,9.895073282251252156e-01
1.781250000000000000e+01,9.902209915923781969e-01
1.783333333333333215e+01,9.893684036371452883e-01
1.785416666666666430e+01,9.901827986983917640e-01
1.787500000000000000e+01,9.895201839993991166e-01
1.789583333333333215e+01,9.898975105753786696e-01
1.791666666666666430e+01,9.898026255777210292e-01
1.793750000000000000e+01,9.895376476701444046e-01
1.795833333333333215e+01,9.900685572178982152e-01
1.797916666666666430e+01,9.893299459639199878e-01
1.800000000000000000e+01,9.901809585569928407e-01
1.802083333333333215e+01,9.893601255105932690e-01
1.804166666666666430e+01,9.899739615223808187e-01
1.806250000000000000e+01,9.896764152005579351e-01
1.808333333333333215e+01,9.896797586654831891e-01
1.810416666666666430e+01,9.900070262817808331e-01
1.812500000000000000e+01,9.894296951805624518e-01
1.814583333333333215e+01,9.901922295795876350e-01
1.816666666666666430e+01,9.893631042423048916e-01
1.818750000000000000e+01,9.901411027169833012e-01
1.820833333333333215e+01,9.894882998088845305e-01
1.822916666666666430e+01,9.899029469981071028e-01
1.825000000000000000e+01,9.897394806423085445e-01
1.827083333333333215e+01,9.895977497048448202e-01
1.829166666666666430e+01,9.899912472213708847e-01
1.831250000000000000e+01,9.893545293042261823e-01
1.833333333333333215e+01,9.901426944650468798e-01
1.835416666666666430e+01,9.892843026197413181e-01
1.837500000000000000e+01,9.900321295426676160e-01
1.839583333333333215e+01,9.895391772083785842e-01
1.841666666666666430e+01,9.897205573657323896e-01
1.843750000000000000e+01,9.898574004315818797e-01
1.845833333333333215e+01,9.893916889181185725e-01
1.847916666666666430e+01,9.900725454670592507e-01
1.850000000000000000e+01,9.892418791283910107e-01
1.852083333333333215e+01,9.900751120514301729e-01
1.854166666666666430e+01,9.893827937511316950e-01
1.856250000000000000e+01,9.898060866068093544e-01
1.858333333333333215e+01,9.896923649457107786e-01
1.860416666666666430e+01,9.894690766133585891e-01
1.862500000000000000e+01,9.900163807950791428e-01
1.864583333333333215e+01,9.892915349089419497e-01
1.866666666666666430e+01,9.901168187437391355e-01
1.868750000000000000e+01,9.893219246219968621e-01
1.870833333333333215e+01,9.899725705026884981e-01
1.872916666666666430e+01,9.896079424306626349e-01
1.875000000000000000e+01,9.896318711511310484e-01
1.877083333333333215e+01,9.899388894760153823e-01
1.879166666666666430e+01,9.893525922289442276e-01
1.881250000000000000e+01,9.900961830209222825e-01
1.883333333333333215e+01,9.892815499616354202e-01
1.885416666666666430e+01,9.900836236842307514e-01
1.887500000000000000e+01,9.893745656224829377e-01
1.889583333333333215e+01,9.898801193904526174e-01
1.891666666666666430e+01,9.896471811539774288e-01
1.893750000000000000e+01,9.895906995025290920e-01
1.895833333333333215e+01,9.899749737764838020e-01
1.897916666666666430e+01,9.893281609203955496e-01
1.900000000000000000e+01,9.901195579275103853e-01
1.902083333333333215e+01,9.892451941892842493e-01
1.904166666666666430e+01,9.899607488467748739e-01
1.906250000000000000e+01,9.894589246287394113e-01
1.908333333333333215e+01,9.896243423704326192e-01
1.910416666666666430e+01,9.897535832040695869e-01
1.912500000000000000e+01,9.892594989726027910e-01
1.914583333333333215e+01,9.899418250311576850e-01
1.916666666666666430e+01,9.891234714285271901e-01
1.918750000000000000e+01,9.899376935962221902e-01
1.920833333333333215e+01,9.892459054442451771e-01
1.922916666666666430e+01,9.896830390198015914e-01
1.925000000000000000e+01,9.895860845451793786e-01
1.927083333333333215e+01,9.893516568604653338e-01
1.929166666666666430e+01,9.898928701589772006e-01
1.931250000000000000e+01,9.891972412459729691e-01
1.933333333333333215e+01,9.899860901306052341e-01
1.935416666666666430e+01,9.892281025936084937e-01
1.937500000000000000e+01,9.898909398882865807e-01
1.939583333333333215e+01,9.894763143758015245e-01
1.941666666666666430e+01,9.896600155370708363e-01
1.943750000000000000e+01,9.897492600392309159e-01
1.945833333333333215e+01,9.894076341906762329e-01
1.947916666666666430e+01,9.899851093149265591e-01
1.950000000000000000e+01,9.892426950488838466e-01
1.952083333333333215e+01,9.900726005010836994e-01
1.954166666666666430e+01,9.892785539377997317e-01
1.956250000000000000e+01,9.898500391771120066e-01
1.958333333333333215e+01,9.895279657413681429e-01
1.960416666666666430e+01,9.894754212050210773e-01
1.962500000000000000e+01,9.898172968285986473e-01
1.964583333333333215e+01,9.891521981962941856e-01
1.966666666666666430e+01,9.899276115216779637e-01
1.968750000000000000e+01,9.890903240880255520e-01
1.970833333333333215e+01,9.898253351984822590e-01
1.972916666666666430e+01,9.892787536856584296e-01
1.975000000000000000e+01,9.894954366811545832e-01
1.977083333333333215e+01,9.896160514290185395e-01
1.979166666666666430e+01,9.891919549035640413e-01
1.981250000000000000e+01,9.898760139563784755e-01
1.983333333333333215e+01,9.890683580422940935e-01
1.985416666666666430e+01,9.899150063496777729e-01
1.987500000000000000e+01,9.892045426782574147e-01
1.989583333333333215e+01,9.896721307825506742e-01
1.991666666666666430e+01,9.895555360712796622e-01
1.993750000000000000e+01,9.893797930054962775e-01
1.995833333333333215e+01,9.898320652696627198e-01
1.997916666666666430e+01,9.891772824897689942e-01
